variable,localidad,year_start,year_end,mean,std,n
CO,ALL,2020,2020,764.3267273766533,531.5180490744999,154198
CO,ALL,2020,2021,770.0941141367108,602.2320822778133,333080
CO,ALL,2020,2022,771.5604519913973,605.1871558513818,497638
CO,ALL,2020,2023,735.1548278606825,571.063411465776,663781
CO,ALL,2021,2021,774.6131169326503,652.2711744829577,178882
CO,ALL,2021,2022,774.4926168446254,632.5871752148698,343440
CO,ALL,2021,2023,727.2616643979112,581.0500152320401,509583
CO,ALL,2022,2022,774.3634667266448,610.7886194138517,164558
CO,ALL,2022,2023,702.2853888092692,538.0354519488812,330701
CO,ALL,2023,2023,632.4389231233084,445.6213194035078,166143
CO,BARRIOS UNIDOS,2020,2020,696.320354149412,516.519565082637,30580
CO,BARRIOS UNIDOS,2020,2021,669.533091400848,498.3240832932535,41762
CO,BARRIOS UNIDOS,2020,2022,668.7351230900531,494.40743254695826,50508
CO,BARRIOS UNIDOS,2020,2023,655.593433662906,487.6328103564258,59228
CO,BARRIOS UNIDOS,2021,2021,596.6229447763751,436.8258556920535,11182
CO,BARRIOS UNIDOS,2021,2022,626.5323760283832,455.3087058039341,19928
CO,BARRIOS UNIDOS,2021,2023,612.1767960190712,450.79745284196156,28648
CO,BARRIOS UNIDOS,2022,2022,664.9230696145834,475.2610924308589,8746
CO,BARRIOS UNIDOS,2022,2023,622.1908575738753,459.3019921670973,17466
CO,BARRIOS UNIDOS,2023,2023,579.1848806336634,438.50297903158315,8720
CO,BOSA,2020,2020,419.3469304152637,336.4481009957126,1784
CO,BOSA,2020,2021,512.1311047535211,375.4877357940808,6837
CO,BOSA,2020,2022,512.1311047535211,375.4877357940808,6837
CO,BOSA,2020,2023,512.1311047535211,375.4877357940808,6837
CO,BOSA,2021,2021,544.9760389352404,383.04981704018013,5053
CO,BOSA,2021,2022,544.9760389352404,383.04981704018013,5053
CO,BOSA,2021,2023,544.9760389352404,383.04981704018013,5053
CO,BOSA,2022,2022,,,0
CO,BOSA,2022,2023,,,0
CO,BOSA,2023,2023,,,0
CO,CHAPINERO,2020,2020,1220.0201504649197,726.7969939086692,8701
CO,CHAPINERO,2020,2021,1328.9222900052828,721.8909185563843,18273
CO,CHAPINERO,2020,2022,1503.8663643655289,678.053601037286,23955
CO,CHAPINERO,2020,2023,1503.8663643655289,678.053601037286,27702
CO,CHAPINERO,2021,2021,1717.6707241520821,549.982942773533,9572
CO,CHAPINERO,2021,2022,1738.6517587470285,530.4687554695303,15254
CO,CHAPINERO,2021,2023,1738.6517587470287,530.4687554695304,19001
CO,CHAPINERO,2022,2022,1744.9796754423007,524.3273374644331,5682
CO,CHAPINERO,2022,2023,1744.9796754423007,524.3273374644331,9429
CO,CHAPINERO,2023,2023,,,3747
CO,CIUDAD BOLIVAR,2020,2020,752.9334053156147,499.8351880291236,1827
CO,CIUDAD BOLIVAR,2020,2021,705.8637144344807,553.408938597367,10462
CO,CIUDAD BOLIVAR,2020,2022,730.8312087938422,587.1007343162586,19108
CO,CIUDAD BOLIVAR,2020,2023,700.864184557627,581.3263921246294,31389
CO,CIUDAD BOLIVAR,2021,2021,695.9386867950964,563.5815885508405,8635
CO,CIUDAD BOLIVAR,2021,2022,728.4964970363221,595.537473025693,17281
CO,CIUDAD BOLIVAR,2021,2023,697.1912941663086,586.4814132022475,29562
CO,CIUDAD BOLIVAR,2022,2022,761.1802341104079,624.3058746670887,8646
CO,CIUDAD BOLIVAR,2022,2023,697.8209797006691,597.6770928919137,20927
CO,CIUDAD BOLIVAR,2023,2023,634.2680572196097,562.6312532106059,12281
CO,ENGATIVÁ,2020,2020,667.3850813795776,381.9894186003604,10461
CO,ENGATIVÁ,2020,2021,682.9066799966519,422.5041965214757,32149
CO,ENGATIVÁ,2020,2022,698.6378548363999,451.31170423671745,49350
CO,ENGATIVÁ,2020,2023,687.6516426650171,453.55031072278865,65197
CO,ENGATIVÁ,2021,2021,691.1034435761793,442.1946880981751,21688
CO,ENGATIVÁ,2021,2022,707.6573461863221,469.0360444181239,38889
CO,ENGATIVÁ,2021,2023,691.7445276719296,466.56877033111266,54736
CO,ENGATIVÁ,2022,2022,727.6057173588163,498.75297636171786,17201
CO,ENGATIVÁ,2022,2023,692.1415062791067,481.0496370467742,33048
CO,ENGATIVÁ,2023,2023,654.6550609410232,458.6437234375073,15847
CO,FONTIBÓN,2020,2020,,,0
CO,FONTIBÓN,2020,2021,,,5807
CO,FONTIBÓN,2020,2022,879.9862625684502,509.9594028443478,31954
CO,FONTIBÓN,2020,2023,741.132786519538,459.95156338191936,58479
CO,FONTIBÓN,2021,2021,,,5807
CO,FONTIBÓN,2021,2022,879.9862625684502,509.9594028443478,31954
CO,FONTIBÓN,2021,2023,741.132786519538,459.95156338191936,58479
CO,FONTIBÓN,2022,2022,879.9862625684503,509.9594028443477,26147
CO,FONTIBÓN,2022,2023,741.1327865195378,459.95156338191936,52672
CO,FONTIBÓN,2023,2023,683.3708323005319,424.3051174761278,26525
CO,KENNEDY,2020,2020,1000.7274074074073,603.4302797540952,17525
CO,KENNEDY,2020,2021,1277.1338892259791,850.6538317914383,38344
CO,KENNEDY,2020,2022,1279.4173142606778,921.9791130735341,50135
CO,KENNEDY,2020,2023,1235.7292110924204,880.079892838509,62316
CO,KENNEDY,2021,2021,1527.0057129019156,957.6608442929423,20819
CO,KENNEDY,2021,2022,1451.9097143310787,1035.8551315092006,32610
CO,KENNEDY,2021,2023,1347.415250818064,964.82459230777,44791
CO,KENNEDY,2022,2022,1288.857158263616,1171.6521458946984,11791
CO,KENNEDY,2022,2023,1148.342567153809,933.1791782419031,23972
CO,KENNEDY,2023,2023,1001.7847133312616,552.5558089331868,12181
CO,PUENTE ARANDA,2020,2020,812.6642279942279,653.7685336024624,10953
CO,PUENTE ARANDA,2020,2021,876.2311221685264,726.104118310908,28316
CO,PUENTE ARANDA,2020,2022,835.8292821994654,666.1200924594157,45568
CO,PUENTE ARANDA,2020,2023,790.1016274879902,626.0823639461171,62937
CO,PUENTE ARANDA,2021,2021,909.9555288357577,759.5583413139326,17363
CO,PUENTE ARANDA,2021,2022,841.9662572431336,669.2292669106996,34615
CO,PUENTE ARANDA,2021,2023,786.1276984956012,620.9999343097818,51984
CO,PUENTE ARANDA,2022,2022,774.1526994801761,556.7376519045788,17252
CO,PUENTE ARANDA,2022,2023,724.5888654303609,528.3775964591606,34621
CO,PUENTE ARANDA,2023,2023,675.3690640597293,493.73724530731516,17369
CO,SAN CRISTOBAL,2020,2020,,,8713
CO,SAN CRISTOBAL,2020,2021,567.8746181076739,341.5816717529463,17319
CO,SAN CRISTOBAL,2020,2022,604.3170446089182,367.76019640437596,26058
CO,SAN CRISTOBAL,2020,2023,574.844912052582,353.8667424872309,34793
CO,SAN CRISTOBAL,2021,2021,567.8746181076738,341.5816717529463,8606
CO,SAN CRISTOBAL,2021,2022,604.3170446089181,367.760196404376,17345
CO,SAN CRISTOBAL,2021,2023,574.844912052582,353.86674248723085,26080
CO,SAN CRISTOBAL,2022,2022,625.1640222144335,380.38202511378205,8739
CO,SAN CRISTOBAL,2022,2023,576.8493094448618,357.3057446787141,17474
CO,SAN CRISTOBAL,2023,2023,528.0126698211175,325.1616890084186,8735
CO,SANTA FE,2020,2020,931.9389281942978,520.517868340223,8754
CO,SANTA FE,2020,2021,869.6778133787386,455.1339302451291,17477
CO,SANTA FE,2020,2022,883.8253742668371,483.77006783050695,26221
CO,SANTA FE,2020,2023,856.2659562578873,488.96778150504457,34958
CO,SANTA FE,2021,2021,855.361611914532,437.5081492234834,8723
CO,SANTA FE,2021,2022,878.4249315064596,479.1845980388691,17467
CO,SANTA FE,2021,2023,850.5439581403704,486.03103641079065,26204
CO,SANTA FE,2022,2022,900.4201339469724,514.8672000883374,8744
CO,SANTA FE,2022,2023,848.183419556243,508.1133164835921,17481
CO,SANTA FE,2023,2023,792.9878601981894,494.9542713259835,8737
CO,SUBA,2020,2020,533.5556507042254,214.07299022867704,17328
CO,SUBA,2020,2021,436.650126993438,254.72285749066677,51185
CO,SUBA,2020,2022,446.51172175798723,251.1132729402618,76955
CO,SUBA,2020,2023,448.95402724715865,242.16538385665243,102886
CO,SUBA,2021,2021,429.985243833695,255.94120373262882,33857
CO,SUBA,2021,2022,443.37020422317556,251.78834182087328,59627
CO,SUBA,2021,2023,446.9409720085258,242.43617592833291,85558
CO,SUBA,2022,2022,458.1496102785265,246.28358511921908,25770
CO,SUBA,2022,2023,455.9100722716187,234.4861293436513,51701
CO,SUBA,2023,2023,453.8505537858042,223.07202946856293,25931
CO,TUNJELITO,2020,2020,845.9723020767777,479.91391450183716,8748
CO,TUNJELITO,2020,2021,906.1624448367432,520.9982598003365,17475
CO,TUNJELITO,2020,2022,962.6134492208207,537.0812312286953,26129
CO,TUNJELITO,2020,2023,938.6122550876023,525.5403993555818,34865
CO,TUNJELITO,2021,2021,961.6135909670686,550.4009898359166,8727
CO,TUNJELITO,2021,2022,1016.5423315566806,553.3104623603391,17381
CO,TUNJELITO,2021,2023,968.0003336130962,535.8816716190545,26117
CO,TUNJELITO,2022,2022,1071.8817543189252,550.7454747937621,8654
CO,TUNJELITO,2022,2023,971.354530591316,528.0826021401483,17390
CO,TUNJELITO,2023,2023,861.8884276644193,478.84546948672835,8736
CO,USAQUEN,2020,2020,557.6042212825934,322.82379873974617,8754
CO,USAQUEN,2020,2021,540.0005485296799,333.9103799892181,18977
CO,USAQUEN,2020,2022,545.375541927278,352.9199918261459,27718
CO,USAQUEN,2020,2023,529.0231830837789,349.068159402068,36456
CO,USAQUEN,2021,2021,525.2124212659102,342.26362030506664,10223
CO,USAQUEN,2021,2022,539.8280687798381,365.63076833243196,18964
CO,USAQUEN,2021,2023,520.1389567520993,356.3719134912088,27702
CO,USAQUEN,2022,2022,556.9865985555427,390.60956881426716,8741
CO,USAQUEN,2022,2023,517.1589762915097,364.38094109215297,17479
CO,USAQUEN,2023,2023,477.28054170494096,331.33414855696657,8738
CO,USME,2020,2020,656.9130508816121,369.83127652821025,20070
CO,USME,2020,2021,623.0343676320525,367.0965560143829,28697
CO,USME,2020,2022,611.1064515268706,369.50629604424046,37142
CO,USME,2020,2023,596.5469649652274,363.89585954174566,45738
CO,USME,2021,2021,543.8338185207866,348.00453632989513,8627
CO,USME,2021,2022,556.2788467758079,361.57665847687844,17072
CO,USME,2021,2023,548.3638130314849,351.7371691850285,25668
CO,USME,2022,2022,569.3359003916964,374.866652421762,8445
CO,USME,2022,2023,550.7123405312004,353.64453803138616,17041
CO,USME,2023,2023,532.5203707121303,330.616867487354,8596
NO2,ALL,2020,2020,32.85176301659286,17.614972834258044,154198
NO2,ALL,2020,2021,30.14765034753416,18.20080001784729,333080
NO2,ALL,2020,2022,29.91623099960063,17.97084178089396,497638
NO2,ALL,2020,2023,29.540638800586,17.935332986362603,663781
NO2,ALL,2021,2021,28.276029383981932,18.36380627448581,178882
NO2,ALL,2021,2022,28.80912315561429,17.979227494927436,343440
NO2,ALL,2021,2023,28.692583541420884,17.918331977112985,509583
NO2,ALL,2022,2022,29.447384578540536,17.486374137719437,164558
NO2,ALL,2022,2023,28.93727460301737,17.646861524978345,330701
NO2,ALL,2023,2023,28.445937306021634,17.78630985350895,166143
NO2,BARRIOS UNIDOS,2020,2020,32.037748359211356,15.012926179681237,30580
NO2,BARRIOS UNIDOS,2020,2021,30.5238510395763,15.23083797059597,41762
NO2,BARRIOS UNIDOS,2020,2022,29.75024617260212,14.991822929791034,50508
NO2,BARRIOS UNIDOS,2020,2023,28.70155707867124,14.94667256550754,59228
NO2,BARRIOS UNIDOS,2021,2021,26.415813356189098,15.059440729625788,11182
NO2,BARRIOS UNIDOS,2021,2022,26.09255328229665,14.212929088002008,19928
NO2,BARRIOS UNIDOS,2021,2023,25.038080439576483,13.985258585830563,28648
NO2,BARRIOS UNIDOS,2022,2022,25.628792648200882,12.888663361579908,8746
NO2,BARRIOS UNIDOS,2022,2023,24.101566785232432,13.123448248228653,17466
NO2,BARRIOS UNIDOS,2023,2023,22.726351515151514,13.181514496501325,8720
NO2,BOSA,2020,2020,20.696333927958836,12.562980523399103,1784
NO2,BOSA,2020,2021,20.125645310106623,13.95443818545847,6837
NO2,BOSA,2020,2022,20.125645310106623,13.95443818545847,6837
NO2,BOSA,2020,2023,20.125645310106623,13.95443818545847,6837
NO2,BOSA,2021,2021,19.922359283095723,14.413440206358294,5053
NO2,BOSA,2021,2022,19.922359283095723,14.413440206358294,5053
NO2,BOSA,2021,2023,19.922359283095723,14.413440206358294,5053
NO2,BOSA,2022,2022,,,0
NO2,BOSA,2022,2023,,,0
NO2,BOSA,2023,2023,,,0
NO2,CHAPINERO,2020,2020,13.513788773006135,10.982310793545212,8701
NO2,CHAPINERO,2020,2021,11.24210263262864,9.105411377555754,18273
NO2,CHAPINERO,2020,2022,11.818339849333592,9.699953536400114,23955
NO2,CHAPINERO,2020,2023,11.818339849333592,9.699953536400114,27702
NO2,CHAPINERO,2021,2021,10.902547528656578,8.740676172006786,9572
NO2,CHAPINERO,2021,2022,11.662940580586207,9.559228069945565,15254
NO2,CHAPINERO,2021,2023,11.662940580586207,9.559228069945565,19001
NO2,CHAPINERO,2022,2022,12.86840468835181,10.619509169001413,5682
NO2,CHAPINERO,2022,2023,12.86840468835181,10.619509169001415,9429
NO2,CHAPINERO,2023,2023,,,3747
NO2,CIUDAD BOLIVAR,2020,2020,29.269077623762378,14.216533460891581,1827
NO2,CIUDAD BOLIVAR,2020,2021,31.15653383054893,18.362448627942936,10462
NO2,CIUDAD BOLIVAR,2020,2022,30.576206859050288,18.03366184336872,19108
NO2,CIUDAD BOLIVAR,2020,2023,28.837078878671022,18.195872665402412,31389
NO2,CIUDAD BOLIVAR,2021,2021,31.573066409322646,19.132581594856642,8635
NO2,CIUDAD BOLIVAR,2021,2022,30.718028352828835,18.39502144339984,17281
NO2,CIUDAD BOLIVAR,2021,2023,28.805851295427438,18.450127505041763,29562
NO2,CIUDAD BOLIVAR,2022,2022,29.891096736323078,17.614102195335946,8646
NO2,CIUDAD BOLIVAR,2022,2023,27.457913848155155,17.95514395758517,20927
NO2,CIUDAD BOLIVAR,2023,2023,24.988786871574934,17.96189179105742,12281
NO2,ENGATIVÁ,2020,2020,29.30734682421095,18.28264910873202,10461
NO2,ENGATIVÁ,2020,2021,31.75863873165816,17.127459596735335,32149
NO2,ENGATIVÁ,2020,2022,31.86386170954244,16.903131294536568,49350
NO2,ENGATIVÁ,2020,2023,31.173860151383156,17.30037154907291,65197
NO2,ENGATIVÁ,2021,2021,33.000911184450295,16.372139545544837,21688
NO2,ENGATIVÁ,2021,2022,32.6122558217596,16.40250995369048,38889
NO2,ENGATIVÁ,2021,2023,31.61531180572616,17.030121445208156,54736
NO2,ENGATIVÁ,2022,2022,32.08070335756317,16.42964282097638,17201
NO2,ENGATIVÁ,2022,2023,30.402789599574767,17.49628852421172,33048
NO2,ENGATIVÁ,2023,2023,27.421918337227893,18.882786587360073,15847
NO2,FONTIBÓN,2020,2020,,,0
NO2,FONTIBÓN,2020,2021,39.319517885991225,13.258462489695722,5807
NO2,FONTIBÓN,2020,2022,40.77339802947773,13.977351805693683,31954
NO2,FONTIBÓN,2020,2023,36.17674802350456,16.81713399303061,58479
NO2,FONTIBÓN,2021,2021,39.319517885991225,13.258462489695722,5807
NO2,FONTIBÓN,2021,2022,40.77339802947773,13.977351805693683,31954
NO2,FONTIBÓN,2021,2023,36.17674802350456,16.81713399303061,58479
NO2,FONTIBÓN,2022,2022,41.54626794258373,14.285528325588945,26147
NO2,FONTIBÓN,2022,2023,35.75897830285924,17.191908748050075,52672
NO2,FONTIBÓN,2023,2023,33.82925042994477,17.640410587618053,26525
NO2,KENNEDY,2020,2020,39.58313970466023,17.385641868248257,17525
NO2,KENNEDY,2020,2021,39.286779112077355,17.899686814834546,38344
NO2,KENNEDY,2020,2022,39.085803891085746,17.592875278405973,50135
NO2,KENNEDY,2020,2023,38.73529192525417,17.589993701472658,62316
NO2,KENNEDY,2021,2021,39.04676002070929,18.302360771114152,20819
NO2,KENNEDY,2021,2022,38.81389615545925,17.699544469331055,32610
NO2,KENNEDY,2021,2023,38.37853265009684,17.663346098476246,44791
NO2,KENNEDY,2022,2022,38.33010939012585,16.36673979938896,11791
NO2,KENNEDY,2022,2023,37.655907284026654,16.916042417742432,23972
NO2,KENNEDY,2023,2023,36.9239996496964,17.464362201076476,12181
NO2,PUENTE ARANDA,2020,2020,33.004925156115725,18.513186094766017,10953
NO2,PUENTE ARANDA,2020,2021,33.31752826958645,17.94327058955375,28316
NO2,PUENTE ARANDA,2020,2022,34.96998183126528,18.030573731369767,45568
NO2,PUENTE ARANDA,2020,2023,35.325125053874736,18.22343003921151,62937
NO2,PUENTE ARANDA,2021,2021,33.51521514884367,17.571020526605288,17363
NO2,PUENTE ARANDA,2021,2022,35.59580024570474,17.829010808435168,34615
NO2,PUENTE ARANDA,2021,2023,35.82655826743706,18.121397659267274,51984
NO2,PUENTE ARANDA,2022,2022,37.7065923180593,17.84126958340816,17252
NO2,PUENTE ARANDA,2022,2023,37.02653799680241,18.286063753745083,34621
NO2,PUENTE ARANDA,2023,2023,36.313779939646864,18.71498972043658,17369
NO2,SAN CRISTOBAL,2020,2020,28.918457124668436,17.139627205219195,8713
NO2,SAN CRISTOBAL,2020,2021,25.21829575,16.35550965826231,17319
NO2,SAN CRISTOBAL,2020,2022,25.080178482339377,16.35081060184031,26058
NO2,SAN CRISTOBAL,2020,2023,23.744907119893078,16.24695263468412,34793
NO2,SAN CRISTOBAL,2021,2021,24.39917605637111,16.063002671556713,8606
NO2,SAN CRISTOBAL,2021,2022,24.659456540094205,16.207351729320077,17345
NO2,SAN CRISTOBAL,2021,2023,23.366887825412824,16.11516148794013,26080
NO2,SAN CRISTOBAL,2022,2022,24.914730476848653,16.344585339253587,8739
NO2,SAN CRISTOBAL,2022,2023,22.858299369322456,16.1169660008521,17474
NO2,SAN CRISTOBAL,2023,2023,20.78250180211603,15.612484105505985,8735
NO2,SANTA FE,2020,2020,,,8754
NO2,SANTA FE,2020,2021,26.613886398258977,20.19005745817961,17477
NO2,SANTA FE,2020,2022,27.553618445322794,19.98709966993806,26221
NO2,SANTA FE,2020,2023,28.212007522167006,20.25369254630454,34958
NO2,SANTA FE,2021,2021,26.613886398258977,20.19005745817961,8723
NO2,SANTA FE,2021,2022,27.553618445322794,19.98709966993806,17467
NO2,SANTA FE,2021,2023,28.212007522167013,20.25369254630454,26204
NO2,SANTA FE,2022,2022,27.961560699102503,19.88572941435212,8744
NO2,SANTA FE,2022,2023,28.56065400593472,20.25139454476131,17481
NO2,SANTA FE,2023,2023,29.16589405869721,20.59772479834566,8737
NO2,SUBA,2020,2020,20.111117998169426,12.128188759106651,17328
NO2,SUBA,2020,2021,22.678642092382418,14.808581287433,51185
NO2,SUBA,2020,2022,23.69041024440823,14.777751762929928,76955
NO2,SUBA,2020,2023,24.639930732305906,14.868537031046891,102886
NO2,SUBA,2021,2021,23.505825488024637,15.483948935688995,33857
NO2,SUBA,2021,2022,24.335105083528727,15.116284966142038,59627
NO2,SUBA,2021,2023,25.19905254149612,15.078596741675197,85558
NO2,SUBA,2022,2022,25.386596194591,14.569435768302398,25770
NO2,SUBA,2022,2023,26.251042015267174,14.723581876506456,51701
NO2,SUBA,2023,2023,27.081571086453263,14.823055310171773,25931
NO2,TUNJELITO,2020,2020,27.892269645353352,17.347605237641115,8748
NO2,TUNJELITO,2020,2021,30.20336893276681,22.648884294300608,17475
NO2,TUNJELITO,2020,2022,29.02771614246855,21.311195608563338,26129
NO2,TUNJELITO,2020,2023,27.819625212562354,20.420107141633526,34865
NO2,TUNJELITO,2021,2021,32.36035770959169,26.481825476482513,8727
NO2,TUNJELITO,2021,2022,29.58286483483103,22.98193100069828,17381
NO2,TUNJELITO,2021,2023,27.79638212283099,21.3101099906923,26117
NO2,TUNJELITO,2022,2022,26.527032030834665,17.886936053204632,8654
NO2,TUNJELITO,2022,2023,25.415602621463233,17.569535647116986,17390
NO2,TUNJELITO,2023,2023,24.413518154583585,17.218037724439952,8736
NO2,USAQUEN,2020,2020,24.992839197465678,17.41297318824341,8754
NO2,USAQUEN,2020,2021,20.226737695154775,16.306915684300275,18977
NO2,USAQUEN,2020,2022,20.771918755235223,16.54590897063486,27718
NO2,USAQUEN,2020,2023,20.06349307181403,16.427830832303627,36456
NO2,USAQUEN,2021,2021,19.323496125675405,15.929711434930507,10223
NO2,USAQUEN,2021,2022,20.343033384120172,16.395030577273694,18964
NO2,USAQUEN,2021,2023,19.71788777226623,16.301050815323343,27702
NO2,USAQUEN,2022,2022,21.521526948878094,16.841144385024712,8741
NO2,USAQUEN,2022,2023,19.949471210340775,16.51128216820773,17479
NO2,USAQUEN,2023,2023,18.326352758538334,16.00341004748581,8738
NO2,USME,2020,2020,42.42827462382757,16.350827582042324,20070
NO2,USME,2020,2021,37.8533369879097,17.529444078382674,28697
NO2,USME,2020,2022,36.037530103327015,17.488552366212847,37142
NO2,USME,2020,2023,34.01194316049056,17.450207421742736,45738
NO2,USME,2021,2021,27.15820636342431,15.405854310590703,8627
NO2,USME,2021,2022,28.469523299066523,15.678453213047614,17072
NO2,USME,2021,2023,27.36326354628936,15.287596658790648,25668
NO2,USME,2022,2022,29.815695641762453,15.841851828504243,8445
NO2,USME,2022,2023,27.467922173938927,15.226281304366022,17041
NO2,USME,2023,2023,25.146553166804782,14.216803138945355,8596
O3,ALL,2020,2020,25.70546743379381,22.378065225079645,154198
O3,ALL,2020,2021,24.224898647565723,21.058522159472446,333080
O3,ALL,2020,2022,23.412388329013556,20.94224583153646,497638
O3,ALL,2020,2023,23.461905033370037,21.023401727089187,663781
O3,ALL,2021,2021,22.92157434069472,19.7327424803471,178882
O3,ALL,2021,2022,22.31353062972238,20.12573972822111,343440
O3,ALL,2021,2023,22.71198311434628,20.496034543164722,509583
O3,ALL,2022,2022,21.58704642715521,20.561970331741964,164558
O3,ALL,2022,2023,22.583681091426246,20.94857307280632,330701
O3,ALL,2023,2023,23.630807704357967,21.2971220587062,166143
O3,BARRIOS UNIDOS,2020,2020,25.59870974806137,25.064531943300043,30580
O3,BARRIOS UNIDOS,2020,2021,25.214723330730184,24.38908149876166,41762
O3,BARRIOS UNIDOS,2020,2022,24.445716260060365,24.254821131341007,50508
O3,BARRIOS UNIDOS,2020,2023,24.562370907278524,24.350558107861044,59228
O3,BARRIOS UNIDOS,2021,2021,24.159032976484585,22.394654423384978,11182
O3,BARRIOS UNIDOS,2021,2022,22.48455037645061,22.678062876568514,19928
O3,BARRIOS UNIDOS,2021,2023,23.37077159804072,23.446758733550453,28648
O3,BARRIOS UNIDOS,2022,2022,19.767742131828978,22.872811485558785,8746
O3,BARRIOS UNIDOS,2022,2023,22.804113135565352,24.159657767286443,17466
O3,BARRIOS UNIDOS,2023,2023,25.219726113145153,24.8743881014855,8720
O3,BOSA,2020,2020,26.151430344827588,21.829315624439445,1784
O3,BOSA,2020,2021,21.759580576496674,19.492792219763118,6837
O3,BOSA,2020,2022,21.759580576496674,19.492792219763118,6837
O3,BOSA,2020,2023,21.759580576496674,19.492792219763118,6837
O3,BOSA,2021,2021,20.238820656716417,18.3747497722239,5053
O3,BOSA,2021,2022,20.238820656716417,18.3747497722239,5053
O3,BOSA,2021,2023,20.238820656716417,18.3747497722239,5053
O3,BOSA,2022,2022,,,0
O3,BOSA,2022,2023,,,0
O3,BOSA,2023,2023,,,0
O3,CHAPINERO,2020,2020,,,8701
O3,CHAPINERO,2020,2021,,,18273
O3,CHAPINERO,2020,2022,,,23955
O3,CHAPINERO,2020,2023,,,27702
O3,CHAPINERO,2021,2021,,,9572
O3,CHAPINERO,2021,2022,,,15254
O3,CHAPINERO,2021,2023,,,19001
O3,CHAPINERO,2022,2022,,,5682
O3,CHAPINERO,2022,2023,,,9429
O3,CHAPINERO,2023,2023,,,3747
O3,CIUDAD BOLIVAR,2020,2020,27.03750291262136,19.58098391772274,1827
O3,CIUDAD BOLIVAR,2020,2021,21.583679969727548,17.181364602200997,10462
O3,CIUDAD BOLIVAR,2020,2022,25.15430421917808,20.340300105216976,19108
O3,CIUDAD BOLIVAR,2020,2023,26.032240744051414,20.786655095561276,31389
O3,CIUDAD BOLIVAR,2021,2021,21.03807065353129,16.827127978205205,8635
O3,CIUDAD BOLIVAR,2021,2022,25.067843046357616,20.370903872498772,17281
O3,CIUDAD BOLIVAR,2021,2023,26.000412445108026,20.82330192100669,29562
O3,CIUDAD BOLIVAR,2022,2022,28.485822290220074,22.39128248733098,8646
O3,CIUDAD BOLIVAR,2022,2023,28.298105814327016,22.059373970692,20927
O3,CIUDAD BOLIVAR,2023,2023,28.0724370401811,21.653053059019328,12281
O3,ENGATIVÁ,2020,2020,25.10543548199091,19.17274127152007,10461
O3,ENGATIVÁ,2020,2021,22.046969237535485,19.228015282189652,32149
O3,ENGATIVÁ,2020,2022,20.293520401663056,19.43679690850853,49350
O3,ENGATIVÁ,2020,2023,20.55248615968503,19.595332039880645,65197
O3,ENGATIVÁ,2021,2021,20.450171409444987,19.06339987274698,21688
O3,ENGATIVÁ,2021,2022,19.02527402764977,19.30741102288636,38889
O3,ENGATIVÁ,2021,2023,19.735456180057312,19.558558459016293,54736
O3,ENGATIVÁ,2022,2022,17.572617756545476,19.446444736471154,17201
O3,ENGATIVÁ,2022,2023,19.361139027888445,19.80296056161378,33048
O3,ENGATIVÁ,2023,2023,21.250592121649078,20.000397318793308,15847
O3,FONTIBÓN,2020,2020,,,0
O3,FONTIBÓN,2020,2021,16.469332776280325,16.302805504309987,5807
O3,FONTIBÓN,2020,2022,18.95533761646996,19.520399132203405,31954
O3,FONTIBÓN,2020,2023,22.888757387347482,24.291301713166053,58479
O3,FONTIBÓN,2021,2021,16.469332776280325,16.302805504309987,5807
O3,FONTIBÓN,2021,2022,18.95533761646996,19.520399132203405,31954
O3,FONTIBÓN,2021,2023,22.888757387347482,24.291301713166053,58479
O3,FONTIBÓN,2022,2022,20.175482868104247,20.81197899804265,26147
O3,FONTIBÓN,2022,2023,24.016251839227383,25.269151266051797,52672
O3,FONTIBÓN,2023,2023,26.15665088469478,27.207145459564398,26525
O3,KENNEDY,2020,2020,28.24000827756481,24.52440021088017,17525
O3,KENNEDY,2020,2021,25.453028213520593,23.110018539202084,38344
O3,KENNEDY,2020,2022,24.546729664105477,22.77040981488729,50135
O3,KENNEDY,2020,2023,24.64531880340209,22.70388377001942,62316
O3,KENNEDY,2021,2021,23.09839187572048,21.565572088424965,20819
O3,KENNEDY,2021,2022,22.49373735192141,21.461638646403816,32610
O3,KENNEDY,2021,2023,23.097915276612408,21.691318885245366,44791
O3,KENNEDY,2022,2022,21.330714285714286,21.213025781720297,11791
O3,KENNEDY,2022,2023,23.097420197297144,21.821789282710203,23972
O3,KENNEDY,2023,2023,25.17186498884205,22.339253774676987,12181
O3,PUENTE ARANDA,2020,2020,19.310950409026802,17.246353692992386,10953
O3,PUENTE ARANDA,2020,2021,19.844677110612746,18.435758817220407,28316
O3,PUENTE ARANDA,2020,2022,19.29131847375925,18.57111495482302,45568
O3,PUENTE ARANDA,2020,2023,20.022633539003245,19.109589877750807,62937
O3,PUENTE ARANDA,2021,2021,20.178354347187117,19.134782471366577,17363
O3,PUENTE ARANDA,2021,2022,19.285095726037195,18.97196861902066,34615
O3,PUENTE ARANDA,2021,2023,20.173579853216868,19.47870281183473,51984
O3,PUENTE ARANDA,2022,2022,18.366455837011063,18.759322046191006,17252
O3,PUENTE ARANDA,2022,2023,20.1711284054209,19.65323523171175,34621
O3,PUENTE ARANDA,2023,2023,21.970470717299577,20.347573755834297,17369
O3,SAN CRISTOBAL,2020,2020,26.108706333567913,16.119757361255907,8713
O3,SAN CRISTOBAL,2020,2021,25.262589748085805,16.54510059508162,17319
O3,SAN CRISTOBAL,2020,2022,23.833425831152088,16.517667739279748,26058
O3,SAN CRISTOBAL,2020,2023,22.372256767786695,16.165884985768372,34793
O3,SAN CRISTOBAL,2021,2021,24.422092252126294,16.916145753590094,8606
O3,SAN CRISTOBAL,2021,2022,22.697051772011015,16.596926372715256,17345
O3,SAN CRISTOBAL,2021,2023,20.846393706293707,15.935072410625315,26080
O3,SAN CRISTOBAL,2022,2022,20.95270417059378,16.081670255956002,8739
O3,SAN CRISTOBAL,2022,2023,18.350239121594143,14.706850288701036,17474
O3,SAN CRISTOBAL,2023,2023,12.547842658261098,8.554437916358529,8735
O3,SANTA FE,2020,2020,27.031476800000004,21.62837667234194,8754
O3,SANTA FE,2020,2021,26.70557857794538,20.69283753720156,17477
O3,SANTA FE,2020,2022,25.72783743476264,20.307949006953006,26221
O3,SANTA FE,2020,2023,25.69390324749877,20.38039496457475,34958
O3,SANTA FE,2021,2021,26.405969834228344,19.790330998165103,8723
O3,SANTA FE,2021,2022,25.08923579248569,19.59781422697411,17467
O3,SANTA FE,2021,2023,25.05601844607279,19.726257549439236,26204
O3,SANTA FE,2022,2022,23.587352463382157,19.26765176761744,8744
O3,SANTA FE,2022,2023,23.600917956461558,19.554100743007083,17481
O3,SANTA FE,2023,2023,23.834045766590393,23.972982879963816,8737
O3,SUBA,2020,2020,28.3265906377709,24.001937511195496,17328
O3,SUBA,2020,2021,24.106668236306895,21.58717158729716,51185
O3,SUBA,2020,2022,22.123754127913653,21.049569233005695,76955
O3,SUBA,2020,2023,21.234751077087797,20.124398343342236,102886
O3,SUBA,2021,2021,21.858548599703116,19.820038329640422,33857
O3,SUBA,2021,2022,20.252078748925676,19.693819571017354,59627
O3,SUBA,2021,2023,19.752120541100325,18.881597209407957,85558
O3,SUBA,2022,2022,18.15356823372258,19.32803505400074,25770
O3,SUBA,2022,2023,18.391592862469373,18.120354940402514,51701
O3,SUBA,2023,2023,18.6243911412677,16.85285983660281,25931
O3,TUNJELITO,2020,2020,25.77090181577203,18.05463916820496,8748
O3,TUNJELITO,2020,2021,25.752257553866446,18.467541617940512,17475
O3,TUNJELITO,2020,2022,25.764521534430525,19.02423988609958,26129
O3,TUNJELITO,2020,2023,26.0462736716941,18.87106818886714,34865
O3,TUNJELITO,2021,2021,25.735459016001908,18.8328772848195,8727
O3,TUNJELITO,2021,2022,25.761669853681653,19.442495584568206,17381
O3,TUNJELITO,2021,2023,26.131379175029696,19.115895683788075,26117
O3,TUNJELITO,2022,2022,25.787470906312446,20.0255401823418,8654
O3,TUNJELITO,2022,2023,26.338090030550532,19.259357168298777,17390
O3,TUNJELITO,2023,2023,26.95998552841211,18.337027403558654,8736
O3,USAQUEN,2020,2020,33.53020938752146,21.634972510624902,8754
O3,USAQUEN,2020,2021,32.955233058912825,20.156577813482333,18977
O3,USAQUEN,2020,2022,33.1505395638379,20.8533122506463,27718
O3,USAQUEN,2020,2023,33.655746189496945,20.9384237822884,36456
O3,USAQUEN,2021,2021,32.55894796330999,19.062046729987383,10223
O3,USAQUEN,2021,2022,33.00241088716431,20.538996667499603,18964
O3,USAQUEN,2021,2023,33.690023186027425,20.744472394403477,27702
O3,USAQUEN,2022,2022,33.58093257848687,22.307340421128053,8741
O3,USAQUEN,2022,2023,34.43209460333894,21.74644339215254,17479
O3,USAQUEN,2023,2023,35.29322858630565,21.130440025425177,8738
O3,USME,2020,2020,21.591842488734457,21.51010722820966,20070
O3,USME,2020,2021,21.50691015389626,20.470081715714866,28697
O3,USME,2020,2022,22.375082596045754,20.70855139752024,37142
O3,USME,2020,2023,23.120322796783856,20.526078731477085,45738
O3,USME,2021,2021,21.252251408106787,16.972962022397144,8627
O3,USME,2021,2022,23.594876249260167,19.332174306068005,17072
O3,USME,2021,2023,24.553851937471357,19.449935226397027,25668
O3,USME,2022,2022,26.126675052779735,21.307858938784378,8445
O3,USME,2022,2023,26.05664773266153,20.30193965346573,17041
O3,USME,2023,2023,26.005695954941118,19.5387404585128,8596
PM10,ALL,2020,2020,32.8379416389519,22.47198225057129,154198
PM10,ALL,2020,2021,32.14247132924336,22.38968911519587,333080
PM10,ALL,2020,2022,32.77050905498258,22.341567286745732,497638
PM10,ALL,2020,2023,32.461736329811984,22.538972427417505,663781
PM10,ALL,2021,2021,31.52506686267364,22.298280022377572,178882
PM10,ALL,2021,2022,32.738591545585074,22.2795384348527,343440
PM10,ALL,2021,2023,32.343759387668726,22.55867165657076,509583
PM10,ALL,2022,2022,34.12458290124371,22.17710997142461,164558
PM10,ALL,2022,2023,32.79092130965032,22.687199686839172,330701
PM10,ALL,2023,2023,31.568574957003015,23.077320449377286,166143
PM10,BARRIOS UNIDOS,2020,2020,26.01212254124633,14.1013172696915,30580
PM10,BARRIOS UNIDOS,2020,2021,25.113602263254943,14.25989084264057,41762
PM10,BARRIOS UNIDOS,2020,2022,25.18993572889278,14.326505759005903,50508
PM10,BARRIOS UNIDOS,2020,2023,25.073776028028103,14.5242122678871,59228
PM10,BARRIOS UNIDOS,2021,2021,22.437095477386933,14.3941973616499,11182
PM10,BARRIOS UNIDOS,2021,2022,23.85706940874036,14.586482462017816,19928
PM10,BARRIOS UNIDOS,2021,2023,23.9930403357426,14.923852917601259,28648
PM10,BARRIOS UNIDOS,2022,2022,25.55258610344414,14.634275873345782,8746
PM10,BARRIOS UNIDOS,2022,2023,24.973884946781553,15.166927716007214,17466
PM10,BARRIOS UNIDOS,2023,2023,24.326680982418463,15.717060605275146,8720
PM10,BOSA,2020,2020,37.57970852017937,20.16215511420771,1784
PM10,BOSA,2020,2021,32.74676923076923,18.950173959419306,6837
PM10,BOSA,2020,2022,32.74676923076923,18.950173959419306,6837
PM10,BOSA,2020,2023,32.74676923076923,18.950173959419306,6837
PM10,BOSA,2021,2021,31.036401507637372,18.19936174488818,5053
PM10,BOSA,2021,2022,31.036401507637372,18.19936174488818,5053
PM10,BOSA,2021,2023,31.036401507637372,18.19936174488818,5053
PM10,BOSA,2022,2022,,,0
PM10,BOSA,2022,2023,,,0
PM10,BOSA,2023,2023,,,0
PM10,CHAPINERO,2020,2020,39.95654156436338,24.972289639208913,8701
PM10,CHAPINERO,2020,2021,37.31262582686224,23.03030252193115,18273
PM10,CHAPINERO,2020,2022,36.561231134773614,22.141849200018076,23955
PM10,CHAPINERO,2020,2023,35.93789938687688,22.059330102658155,27702
PM10,CHAPINERO,2021,2021,34.75223052536232,20.660421409121216,9572
PM10,CHAPINERO,2021,2022,34.5124029913927,19.96685788459316,15254
PM10,CHAPINERO,2021,2023,33.996667796227264,20.221178140182904,19001
PM10,CHAPINERO,2022,2022,34.1158929239985,18.75920704205801,5682
PM10,CHAPINERO,2022,2023,33.244681090827136,19.746806699796227,9429
PM10,CHAPINERO,2023,2023,31.927010192525486,21.087527424175963,3747
PM10,CIUDAD BOLIVAR,2020,2020,43.7908890115958,23.03006945852466,1827
PM10,CIUDAD BOLIVAR,2020,2021,38.04097479976558,23.75186488222682,10462
PM10,CIUDAD BOLIVAR,2020,2022,40.03774424663482,24.377034360093447,19108
PM10,CIUDAD BOLIVAR,2020,2023,36.85359535785909,25.288450982431925,31389
PM10,CIUDAD BOLIVAR,2021,2021,36.805292512163284,23.724218992656652,8635
PM10,CIUDAD BOLIVAR,2021,2022,39.628610124601224,24.485303620801353,17281
PM10,CIUDAD BOLIVAR,2021,2023,36.41440641823394,25.36125135705589,29562
PM10,CIUDAD BOLIVAR,2022,2022,42.535047642316144,24.914253083305802,8646
PM10,CIUDAD BOLIVAR,2022,2023,36.2511675504237,26.01325051838178,20927
PM10,CIUDAD BOLIVAR,2023,2023,31.962012007004088,25.876506293312108,12281
PM10,ENGATIVÁ,2020,2020,29.14815573770492,23.98423925491231,10461
PM10,ENGATIVÁ,2020,2021,27.095977620340328,19.63509086529923,32149
PM10,ENGATIVÁ,2020,2022,28.553963877914295,19.075997945774073,49350
PM10,ENGATIVÁ,2020,2023,28.401825819739123,18.469793229642903,65197
PM10,ENGATIVÁ,2021,2021,26.116360168248068,17.088967260516252,21688
PM10,ENGATIVÁ,2021,2022,28.394229603922216,17.52059196625925,38889
PM10,ENGATIVÁ,2021,2023,28.260159866194716,17.22148904364001,54736
PM10,ENGATIVÁ,2022,2022,31.33075662042875,17.633361230042237,17201
PM10,ENGATIVÁ,2022,2023,29.67537776055792,17.16257158443689,33048
PM10,ENGATIVÁ,2023,2023,27.93806246691371,16.476842181338835,15847
PM10,FONTIBÓN,2020,2020,,,0
PM10,FONTIBÓN,2020,2021,46.94248285563567,26.811492042542557,5807
PM10,FONTIBÓN,2020,2022,47.358375902765545,27.17834893860299,31954
PM10,FONTIBÓN,2020,2023,46.491957742478206,28.028399641769518,58479
PM10,FONTIBÓN,2021,2021,46.94248285563567,26.811492042542557,5807
PM10,FONTIBÓN,2021,2022,47.358375902765545,27.17834893860299,31954
PM10,FONTIBÓN,2021,2023,46.491957742478206,28.028399641769518,58479
PM10,FONTIBÓN,2022,2022,47.497332706656486,27.29919171561287,26147
PM10,FONTIBÓN,2022,2023,46.42803218562875,28.196552860958224,52672
PM10,FONTIBÓN,2023,2023,45.63872804544864,28.816177836264643,26525
PM10,KENNEDY,2020,2020,52.21312766461393,30.103381394162263,17525
PM10,KENNEDY,2020,2021,53.20244253669344,29.43703632888668,38344
PM10,KENNEDY,2020,2022,52.64860437026463,28.887335280460523,50135
PM10,KENNEDY,2020,2023,52.489354415105055,28.723430671388414,62316
PM10,KENNEDY,2021,2021,54.071631463947554,28.811662741386172,20819
PM10,KENNEDY,2021,2022,52.905326910322195,28.14322415196204,32610
PM10,KENNEDY,2021,2023,52.607561321710925,28.111777444875205,44791
PM10,KENNEDY,2022,2022,50.526684350132626,26.5714796194851,11791
PM10,KENNEDY,2022,2023,51.21726608042684,27.358915009512835,23972
PM10,KENNEDY,2023,2023,51.81897938430249,28.014337110157737,12181
PM10,PUENTE ARANDA,2020,2020,33.83241152581706,21.13195654991641,10953
PM10,PUENTE ARANDA,2020,2021,32.15032638861744,19.874993682688284,28316
PM10,PUENTE ARANDA,2020,2022,32.31358755029712,19.42802491917237,45568
PM10,PUENTE ARANDA,2020,2023,30.956989049753805,19.472105752713116,62937
PM10,PUENTE ARANDA,2021,2021,31.00892329899613,18.89029810846637,17363
PM10,PUENTE ARANDA,2021,2022,31.73578076144933,18.707218670542208,34615
PM10,PUENTE ARANDA,2021,2023,30.282452479245112,18.999148912868684,51984
PM10,PUENTE ARANDA,2022,2022,32.66327863362357,18.430171989302753,17252
PM10,PUENTE ARANDA,2022,2023,29.898602877448432,19.045552610806652,34621
PM10,PUENTE ARANDA,2023,2023,27.944796165907345,19.23102894412749,17369
PM10,SAN CRISTOBAL,2020,2020,23.545124167171412,19.964289482092862,8713
PM10,SAN CRISTOBAL,2020,2021,22.034905717947154,18.450377191908547,17319
PM10,SAN CRISTOBAL,2020,2022,23.11676888315042,18.122794501433383,26058
PM10,SAN CRISTOBAL,2020,2023,22.48235116804823,17.65039400498032,34793
PM10,SAN CRISTOBAL,2021,2021,20.501844564682735,16.635984857220294,8606
PM10,SAN CRISTOBAL,2021,2022,22.902837437231533,17.12576966869435,17345
PM10,SAN CRISTOBAL,2021,2023,22.13029695024077,16.799447445669674,26080
PM10,SAN CRISTOBAL,2022,2022,25.228057639633203,17.272816760997397,8739
PM10,SAN CRISTOBAL,2022,2023,22.919108887300453,16.82196847374535,17474
PM10,SAN CRISTOBAL,2023,2023,20.608509116910977,16.029802965994676,8735
PM10,SANTA FE,2020,2020,20.38404915912031,15.683714834770928,8754
PM10,SANTA FE,2020,2021,19.85841526141025,14.85319735493894,17477
PM10,SANTA FE,2020,2022,21.212880096751903,14.846044093710411,26221
PM10,SANTA FE,2020,2023,20.976572008113596,14.961287689833673,34958
PM10,SANTA FE,2021,2021,19.325822519334118,13.942219107622417,8723
PM10,SANTA FE,2021,2022,21.628316690442222,14.390439431783669,17467
PM10,SANTA FE,2021,2023,21.17714135575407,14.70365617962852,26204
PM10,SANTA FE,2022,2022,23.882355960477348,14.466215438390542,8744
PM10,SANTA FE,2022,2023,22.105905175248243,14.985706175030058,17481
PM10,SANTA FE,2023,2023,20.238643107634203,15.293110658392198,8737
PM10,SUBA,2020,2020,29.9903003003003,20.88159104822469,17328
PM10,SUBA,2020,2021,26.878517310210125,17.4511001023938,51185
PM10,SUBA,2020,2022,27.022636697401982,16.87921833369184,76955
PM10,SUBA,2020,2023,26.849970464178746,16.558115453678777,102886
PM10,SUBA,2021,2021,25.14807454660833,14.934766638921364,33857
PM10,SUBA,2021,2022,26.119514914461178,15.343611717442796,59627
PM10,SUBA,2021,2023,26.19510414187844,15.42515741501971,85558
PM10,SUBA,2022,2022,27.293706350167536,15.744185883456204,25770
PM10,SUBA,2022,2023,26.823317702697285,15.678666234367721,51701
PM10,SUBA,2023,2023,26.35966734312204,15.600254850657127,25931
PM10,TUNJELITO,2020,2020,36.408870408870406,25.01136763328714,8748
PM10,TUNJELITO,2020,2021,35.57323247017748,24.965535003681275,17475
PM10,TUNJELITO,2020,2022,37.523755345443135,25.304786691952202,26129
PM10,TUNJELITO,2020,2023,36.65632081097198,25.005527526314232,34865
PM10,TUNJELITO,2021,2021,34.724756655330125,24.891688911271327,8727
PM10,TUNJELITO,2021,2022,38.097261006476145,25.436117344855283,17381
PM10,TUNJELITO,2021,2023,36.74242424242424,25.003423419773547,26117
PM10,TUNJELITO,2022,2022,41.560332369942195,25.52518050150062,8654
PM10,TUNJELITO,2022,2023,37.79437480892693,24.99773192901438,17390
PM10,TUNJELITO,2023,2023,33.91007328282201,23.827691216370575,8736
PM10,USAQUEN,2020,2020,23.640197351337317,17.131250986913557,8754
PM10,USAQUEN,2020,2021,22.285911358966832,15.409098105541183,18977
PM10,USAQUEN,2020,2022,22.529036486781735,15.077917336480787,27718
PM10,USAQUEN,2020,2023,21.748561728164756,14.905702495024585,36456
PM10,USAQUEN,2021,2021,21.46717425431711,14.206437001392894,10223
PM10,USAQUEN,2021,2022,22.233049733693022,14.46820825606706,18964
PM10,USAQUEN,2021,2023,21.43117375392123,14.475083869664251,27702
PM10,USAQUEN,2022,2022,22.836317546679854,14.643810642997838,8741
PM10,USAQUEN,2022,2023,21.41734410806899,14.577368715182283,17479
PM10,USAQUEN,2023,2023,20.066521483225426,14.38521808993237,8738
PM10,USME,2020,2020,34.6832719010351,14.269239295128692,20070
PM10,USME,2020,2021,34.71872677730988,15.532565874759463,28697
PM10,USME,2020,2022,35.554072614845815,17.29552433870986,37142
PM10,USME,2020,2023,34.9563235556348,17.651970035682535,45738
PM10,USME,2021,2021,34.80178613674001,18.151741813618113,8627
PM10,USME,2021,2022,36.58406593406594,20.252975738571575,17072
PM10,USME,2021,2023,35.17212578315176,19.92082093856704,25668
PM10,USME,2022,2022,38.40160434258142,22.045018178180833,8445
PM10,USME,2022,2023,35.36067449563384,20.761667460227763,17041
PM10,USME,2023,2023,32.328887552615754,18.91862796685869,8596
PM25,ALL,2020,2020,17.994459045562277,12.915522110197553,154198
PM25,ALL,2020,2021,16.907017971472214,12.753568337346564,333080
PM25,ALL,2020,2022,17.0869784561507,12.529111399557689,497638
PM25,ALL,2020,2023,16.705571673224398,12.401801696979634,663781
PM25,ALL,2021,2021,15.795396609416438,12.488412495131604,178882
PM25,ALL,2021,2022,16.64228460941998,12.310964218789882,343440
PM25,ALL,2021,2023,16.294057672167618,12.204620162280833,509583
PM25,ALL,2022,2022,17.422062732113293,12.092992785880227,164558
PM25,ALL,2022,2023,16.520546118992137,12.066737342899069,330701
PM25,ALL,2023,2023,15.642932845479887,11.976149338463385,166143
PM25,BARRIOS UNIDOS,2020,2020,17.21554662326014,10.295512890641268,30580
PM25,BARRIOS UNIDOS,2020,2021,16.084633662396197,10.291323350585955,41762
PM25,BARRIOS UNIDOS,2020,2022,15.954038668753938,10.238927436155944,50508
PM25,BARRIOS UNIDOS,2020,2023,15.656995241568545,10.23891944378237,59228
PM25,BARRIOS UNIDOS,2021,2021,12.908899253731345,9.591713093704714,11182
PM25,BARRIOS UNIDOS,2021,2022,13.96414273737162,9.82537248119555,19928
PM25,BARRIOS UNIDOS,2021,2023,13.949616070453802,9.898980350269314,28648
PM25,BARRIOS UNIDOS,2022,2022,15.316630798660928,9.955290082587819,8746
PM25,BARRIOS UNIDOS,2022,2023,14.61531714302763,10.03445591009831,17466
PM25,BARRIOS UNIDOS,2023,2023,13.916593210244192,10.064820168454462,8720
PM25,BOSA,2020,2020,15.633801235261087,9.5173326557167,1784
PM25,BOSA,2020,2021,16.101388460351746,9.310144204501876,6837
PM25,BOSA,2020,2022,16.101388460351746,9.310144204501876,6837
PM25,BOSA,2020,2023,16.101388460351746,9.310144204501876,6837
PM25,BOSA,2021,2021,16.671780821917807,9.021455552993016,5053
PM25,BOSA,2021,2022,16.671780821917807,9.021455552993016,5053
PM25,BOSA,2021,2023,16.671780821917807,9.021455552993016,5053
PM25,BOSA,2022,2022,,,0
PM25,BOSA,2022,2023,,,0
PM25,BOSA,2023,2023,,,0
PM25,CHAPINERO,2020,2020,21.750786071969255,15.267295821757793,8701
PM25,CHAPINERO,2020,2021,19.56551822000227,14.120663772961816,18273
PM25,CHAPINERO,2020,2022,19.263591433278417,13.692096017360125,23955
PM25,CHAPINERO,2020,2023,18.503132944519216,13.37336138320247,27702
PM25,CHAPINERO,2021,2021,17.487686856383565,12.590311321731512,9572
PM25,CHAPINERO,2021,2022,17.788521306720078,12.433379290675466,15254
PM25,CHAPINERO,2021,2023,16.96755685259622,12.077459583179952,19001
PM25,CHAPINERO,2022,2022,18.28720631424376,12.153531772595002,5682
PM25,CHAPINERO,2022,2023,16.453066812705366,11.525403790622144,9429
PM25,CHAPINERO,2023,2023,13.739217816404127,9.925524311450182,3747
PM25,CIUDAD BOLIVAR,2020,2020,22.644161593801883,12.685606197516053,1827
PM25,CIUDAD BOLIVAR,2020,2021,18.260646795246444,12.614807871050001,10462
PM25,CIUDAD BOLIVAR,2020,2022,18.906863836327975,12.35798453137851,19108
PM25,CIUDAD BOLIVAR,2020,2023,17.110814254300866,12.399138997923428,31389
PM25,CIUDAD BOLIVAR,2021,2021,17.324246364818535,12.401111214743498,8635
PM25,CIUDAD BOLIVAR,2021,2022,18.5110082063306,12.256585129911599,17281
PM25,CIUDAD BOLIVAR,2021,2023,16.767414912250576,12.299595892245026,29562
PM25,CIUDAD BOLIVAR,2022,2022,19.67817695616789,11.99953145313305,8646
PM25,CIUDAD BOLIVAR,2022,2023,16.539404589021203,12.250784747286891,20927
PM25,CIUDAD BOLIVAR,2023,2023,14.300325122335572,11.933066918945462,12281
PM25,ENGATIVÁ,2020,2020,14.409117766911164,11.56718439642565,10461
PM25,ENGATIVÁ,2020,2021,13.56881619098905,10.510863503945725,32149
PM25,ENGATIVÁ,2020,2022,14.574407872931697,10.056916059092016,49350
PM25,ENGATIVÁ,2020,2023,14.741115619402713,9.943394932224132,65197
PM25,ENGATIVÁ,2021,2021,12.907250561437278,9.546357091002372,21688
PM25,ENGATIVÁ,2021,2022,14.629581392185534,9.499070135563281,38889
PM25,ENGATIVÁ,2021,2023,14.813699942090961,9.55029493541199,54736
PM25,ENGATIVÁ,2022,2022,15.897307987484503,9.261964486019682,17201
PM25,ENGATIVÁ,2022,2023,15.546651248843665,9.450145173709027,33048
PM25,ENGATIVÁ,2023,2023,15.163217352010845,9.6374238983352,15847
PM25,FONTIBÓN,2020,2020,,,0
PM25,FONTIBÓN,2020,2021,18.90731572141142,12.43894691188476,5807
PM25,FONTIBÓN,2020,2022,22.035707661878668,15.17068192760357,31954
PM25,FONTIBÓN,2020,2023,21.38103367682991,14.699342406337243,58479
PM25,FONTIBÓN,2021,2021,18.90731572141142,12.43894691188476,5807
PM25,FONTIBÓN,2021,2022,22.035707661878668,15.17068192760357,31954
PM25,FONTIBÓN,2021,2023,21.38103367682991,14.699342406337243,58479
PM25,FONTIBÓN,2022,2022,22.701665880132136,15.61040903933405,26147
PM25,FONTIBÓN,2022,2023,21.64325310878293,14.894929104320951,52672
PM25,FONTIBÓN,2023,2023,20.59346881460389,14.071471480268148,26525
PM25,KENNEDY,2020,2020,25.260765805877114,15.88388778745385,17525
PM25,KENNEDY,2020,2021,25.871227681660898,15.913351978087618,38344
PM25,KENNEDY,2020,2022,25.433422724375184,15.430738590781658,50135
PM25,KENNEDY,2020,2023,25.438067106093538,15.346478302362806,62316
PM25,KENNEDY,2021,2021,26.404590248962656,15.920312516665573,20819
PM25,KENNEDY,2021,2022,25.534944847807875,15.157326568482615,32610
PM25,KENNEDY,2021,2023,25.51236349162914,15.115185877298874,44791
PM25,KENNEDY,2022,2022,23.745153714773696,13.27424214138676,11791
PM25,KENNEDY,2022,2023,24.690042545054734,14.284262115190039,23972
PM25,KENNEDY,2023,2023,25.456358756817593,15.010667694264837,12181
PM25,PUENTE ARANDA,2020,2020,19.65784829140068,13.810109907492134,10953
PM25,PUENTE ARANDA,2020,2021,18.52360404191617,13.304450641098942,28316
PM25,PUENTE ARANDA,2020,2022,17.781186626473005,12.393095953503252,45568
PM25,PUENTE ARANDA,2020,2023,16.705829838815358,12.109696204632844,62937
PM25,PUENTE ARANDA,2021,2021,17.771676624346522,12.903955622440073,17363
PM25,PUENTE ARANDA,2021,2022,17.177909222597776,11.839006037971798,34615
PM25,PUENTE ARANDA,2021,2023,16.08187356139376,11.623304960558256,51984
PM25,PUENTE ARANDA,2022,2022,16.618930161706118,10.710732297640387,17252
PM25,PUENTE ARANDA,2022,2023,15.290922861803777,10.88305410766108,34621
PM25,PUENTE ARANDA,2023,2023,13.97768829663963,10.893054800982831,17369
PM25,SAN CRISTOBAL,2020,2020,11.876323910628319,10.979552369645358,8713
PM25,SAN CRISTOBAL,2020,2021,12.179903852236068,10.963253703720058,17319
PM25,SAN CRISTOBAL,2020,2022,13.202827666861582,11.205084522582611,26058
PM25,SAN CRISTOBAL,2020,2023,12.912316798196166,11.027980541397227,34793
PM25,SAN CRISTOBAL,2021,2021,12.498962117280747,10.937731393741686,8606
PM25,SAN CRISTOBAL,2021,2022,13.881194369042358,11.258785592497842,17345
PM25,SAN CRISTOBAL,2021,2023,13.264487432336033,11.022469584501012,26080
PM25,SAN CRISTOBAL,2022,2022,15.191196360506579,11.401860429626874,8739
PM25,SAN CRISTOBAL,2022,2023,13.630465794207034,11.044356652578907,17474
PM25,SAN CRISTOBAL,2023,2023,12.04180225281602,10.431724855972629,8735
PM25,SANTA FE,2020,2020,12.73237815619495,11.097820669005337,8754
PM25,SANTA FE,2020,2021,12.386857379767827,10.561163763629764,17477
PM25,SANTA FE,2020,2022,13.40589813390145,10.812565074507132,26221
PM25,SANTA FE,2020,2023,13.361082740502406,10.642226821458053,34958
PM25,SANTA FE,2021,2021,12.035308878002152,9.973975314962374,8723
PM25,SANTA FE,2021,2022,13.746619534220534,10.649474548569335,17467
PM25,SANTA FE,2021,2023,13.57216307862156,10.47659684953994,26204
PM25,SANTA FE,2022,2022,15.438922367954625,11.020002542443088,8744
PM25,SANTA FE,2022,2023,14.329059024304124,10.634440612161058,17481
PM25,SANTA FE,2023,2023,13.22791324736225,10.118602475523112,8737
PM25,SUBA,2020,2020,14.22977053858043,11.447951998195661,17328
PM25,SUBA,2020,2021,12.657059400363039,9.845459799250227,51185
PM25,SUBA,2020,2022,13.08811852304615,9.665881179765966,76955
PM25,SUBA,2020,2023,13.04205588268541,9.520393018235321,102886
PM25,SUBA,2021,2021,11.80657086829331,8.742024751182646,33857
PM25,SUBA,2021,2022,12.739977159016751,9.024343911419995,59627
PM25,SUBA,2021,2023,12.793826485606731,9.046311716394184,85558
PM25,SUBA,2022,2022,13.946921893835475,9.238209741542256,25770
PM25,SUBA,2022,2023,13.41572435300312,9.178576136762134,51701
PM25,SUBA,2023,2023,12.911123395853899,9.093054095337669,25931
PM25,TUNJELITO,2020,2020,14.744755654517755,12.789269328789487,8748
PM25,TUNJELITO,2020,2021,14.570729020015914,12.401745385344931,17475
PM25,TUNJELITO,2020,2022,16.372654047523156,12.374154192390435,26129
PM25,TUNJELITO,2020,2023,16.84668905950096,12.3365008552139,34865
PM25,TUNJELITO,2021,2021,14.380445925166581,11.961584972924177,8727
PM25,TUNJELITO,2021,2022,17.22501073817267,12.064240291698926,17381
PM25,TUNJELITO,2021,2023,17.56958607069445,12.093016845051926,26117
PM25,TUNJELITO,2022,2022,19.838808430472152,11.556840669803746,8654
PM25,TUNJELITO,2022,2023,19.03298641735756,11.86976670183173,17390
PM25,TUNJELITO,2023,2023,18.229151984965938,12.121327237633714,8736
PM25,USAQUEN,2020,2020,13.50665403741416,11.589950149559888,8754
PM25,USAQUEN,2020,2021,12.849941800753166,10.657815629581306,18977
PM25,USAQUEN,2020,2022,12.955462034383954,10.092665070766028,27718
PM25,USAQUEN,2020,2023,12.364207496608993,9.722644373172281,36456
PM25,USAQUEN,2021,2021,11.949374898522489,9.152328719839481,10223
PM25,USAQUEN,2021,2022,12.620302375809935,9.04611721362643,18964
PM25,USAQUEN,2021,2023,11.921201965015381,8.854421288337088,27702
PM25,USAQUEN,2022,2022,13.154805329194154,8.925168194153118,8741
PM25,USAQUEN,2022,2023,11.910094738189732,8.734452759392997,17479
PM25,USAQUEN,2023,2023,10.690622227854517,8.366318541464027,8738
PM25,USME,2020,2020,24.107888173539816,9.781159701430884,20070
PM25,USME,2020,2021,24.107888173539816,9.781159701430884,28697
PM25,USME,2020,2022,20.775053729826894,11.217448716066498,37142
PM25,USME,2020,2023,18.60253149652655,11.466229469518792,45738
PM25,USME,2021,2021,,,8627
PM25,USME,2021,2022,13.893449101796408,10.854683228987435,17072
PM25,USME,2021,2023,12.929358675512521,10.244780336803116,25668
PM25,USME,2022,2022,13.893449101796408,10.854683228987435,8445
PM25,USME,2022,2023,12.929358675512521,10.244780336803117,17041
PM25,USME,2023,2023,11.968834267987114,9.502534893000746,8596
SO2,ALL,2020,2020,5.086298583521875,5.773242807994159,154198
SO2,ALL,2020,2021,5.222716919256401,6.986457639769982,333080
SO2,ALL,2020,2022,5.395814622462121,7.140103682807017,497638
SO2,ALL,2020,2023,5.402371233081032,7.536812923536677,663781
SO2,ALL,2021,2021,5.370395054528595,8.094882271130421,178882
SO2,ALL,2021,2022,5.556996474775144,7.752233479851292,343440
SO2,ALL,2021,2023,5.5101930208832925,8.047694571218713,509583
SO2,ALL,2022,2022,5.729969476133083,7.416338453179541,164558
SO2,ALL,2022,2023,5.5745154765316665,8.025090680434989,330701
SO2,ALL,2023,2023,5.421307400736649,8.580185308666675,166143
SO2,BARRIOS UNIDOS,2020,2020,2.657350911518307,1.8432525776932733,30580
SO2,BARRIOS UNIDOS,2020,2021,2.6380693976602023,1.8736533508072069,41762
SO2,BARRIOS UNIDOS,2020,2022,2.657116691490829,2.219921672580868,50508
SO2,BARRIOS UNIDOS,2020,2023,2.604838579284339,2.1316286976098513,59228
SO2,BARRIOS UNIDOS,2021,2021,2.5657763884369915,1.981942965887808,11182
SO2,BARRIOS UNIDOS,2021,2022,2.6565986061277225,2.8833827473155993,19928
SO2,BARRIOS UNIDOS,2021,2023,2.5297647621319843,2.484601503454467,28648
SO2,BARRIOS UNIDOS,2022,2022,2.787272056175729,3.8206023339881394,8746
SO2,BARRIOS UNIDOS,2022,2023,2.507570646305723,2.7488280615102294,17466
SO2,BARRIOS UNIDOS,2023,2023,2.297983270372369,1.4760727232687496,8720
SO2,BOSA,2020,2020,5.552439871703493,4.045826423121373,1784
SO2,BOSA,2020,2021,5.552439871703491,4.045826423121373,6837
SO2,BOSA,2020,2022,5.552439871703491,4.045826423121373,6837
SO2,BOSA,2020,2023,5.552439871703491,4.045826423121373,6837
SO2,BOSA,2021,2021,,,5053
SO2,BOSA,2021,2022,,,5053
SO2,BOSA,2021,2023,,,5053
SO2,BOSA,2022,2022,,,0
SO2,BOSA,2022,2023,,,0
SO2,BOSA,2023,2023,,,0
SO2,CHAPINERO,2020,2020,2.2394361990950222,1.0673870986292715,8701
SO2,CHAPINERO,2020,2021,2.2394361990950222,1.0673870986292715,18273
SO2,CHAPINERO,2020,2022,2.2394361990950222,1.0673870986292715,23955
SO2,CHAPINERO,2020,2023,2.2394361990950222,1.0673870986292715,27702
SO2,CHAPINERO,2021,2021,,,9572
SO2,CHAPINERO,2021,2022,,,15254
SO2,CHAPINERO,2021,2023,,,19001
SO2,CHAPINERO,2022,2022,,,5682
SO2,CHAPINERO,2022,2023,,,9429
SO2,CHAPINERO,2023,2023,,,3747
SO2,CIUDAD BOLIVAR,2020,2020,6.94121544117647,4.402999690616721,1827
SO2,CIUDAD BOLIVAR,2020,2021,8.098291333041958,5.9307879865305875,10462
SO2,CIUDAD BOLIVAR,2020,2022,7.988313353007944,6.117458486646223,19108
SO2,CIUDAD BOLIVAR,2020,2023,7.430808569564383,5.867980006553482,31389
SO2,CIUDAD BOLIVAR,2021,2021,8.191163335694052,6.027253680397021,8635
SO2,CIUDAD BOLIVAR,2021,2022,8.030345618654074,6.172741314646034,17281
SO2,CIUDAD BOLIVAR,2021,2023,7.443928700689654,5.901745291767156,29562
SO2,CIUDAD BOLIVAR,2022,2022,7.869451936702881,6.311200755291826,8646
SO2,CIUDAD BOLIVAR,2022,2023,7.0694051351831035,5.801908492734625,20927
SO2,CIUDAD BOLIVAR,2023,2023,6.26622833432128,5.11713374913384,12281
SO2,ENGATIVÁ,2020,2020,2.469439240506329,2.4101211182231763,10461
SO2,ENGATIVÁ,2020,2021,2.98065680775836,3.417184821562407,32149
SO2,ENGATIVÁ,2020,2022,3.0337973613074705,3.4264120392176656,49350
SO2,ENGATIVÁ,2020,2023,4.013409149206609,8.766481044144026,65197
SO2,ENGATIVÁ,2021,2021,3.0835827718446605,3.5771929396411184,21688
SO2,ENGATIVÁ,2021,2022,3.09222660009985,3.509761000037955,38889
SO2,ENGATIVÁ,2021,2023,4.126099253849538,9.047108529166437,54736
SO2,ENGATIVÁ,2022,2022,3.1013767985611507,3.4371435940796435,17201
SO2,ENGATIVÁ,2022,2023,4.7189450655624565,10.961428154898169,33048
SO2,ENGATIVÁ,2023,2023,6.5965399642111535,15.471410807043316,15847
SO2,FONTIBÓN,2020,2020,,,0
SO2,FONTIBÓN,2020,2021,,,5807
SO2,FONTIBÓN,2020,2022,9.269789328502615,11.073444689342143,31954
SO2,FONTIBÓN,2020,2023,9.158212821533304,12.256522777619871,58479
SO2,FONTIBÓN,2021,2021,,,5807
SO2,FONTIBÓN,2021,2022,9.269789328502615,11.073444689342143,31954
SO2,FONTIBÓN,2021,2023,9.158212821533304,12.256522777619871,58479
SO2,FONTIBÓN,2022,2022,9.269789328502615,11.073444689342143,26147
SO2,FONTIBÓN,2022,2023,9.158212821533304,12.256522777619873,52672
SO2,FONTIBÓN,2023,2023,9.042649230310008,13.371238702345012,26525
SO2,KENNEDY,2020,2020,7.899501624863058,8.7902880705171,17525
SO2,KENNEDY,2020,2021,8.676998901110553,12.246744477239075,38344
SO2,KENNEDY,2020,2022,8.53874345678512,11.490273940488668,50135
SO2,KENNEDY,2020,2023,8.212457674796187,10.821460046802063,62316
SO2,KENNEDY,2021,2021,9.33843985382125,14.522308698440895,20819
SO2,KENNEDY,2021,2022,8.885030231454007,12.702411296030954,32610
SO2,KENNEDY,2021,2023,8.346297261854858,11.57939504448329,44791
SO2,KENNEDY,2022,2022,8.09018901023304,8.574009761019445,11791
SO2,KENNEDY,2022,2023,7.343380671393862,7.378265377276417,23972
SO2,KENNEDY,2023,2023,6.3262063715155765,5.164242253719146,12181
SO2,PUENTE ARANDA,2020,2020,3.6896584604010716,3.335197497608667,10953
SO2,PUENTE ARANDA,2020,2021,3.6068124392592593,3.1510045853398716,28316
SO2,PUENTE ARANDA,2020,2022,3.388959194226457,2.954066511238773,45568
SO2,PUENTE ARANDA,2020,2023,3.2172104935261183,2.8222098589259335,62937
SO2,PUENTE ARANDA,2021,2021,3.551402537857717,3.0203886124188286,17363
SO2,PUENTE ARANDA,2021,2022,3.287259967494921,2.8062800821131586,34615
SO2,PUENTE ARANDA,2021,2023,3.1093843814987454,2.6798541640940323,51984
SO2,PUENTE ARANDA,2022,2022,3.017054944360141,2.540696600045792,17252
SO2,PUENTE ARANDA,2022,2023,2.880421976692067,2.454129648354037,34621
SO2,PUENTE ARANDA,2023,2023,2.740261967829809,2.3538895323705207,17369
SO2,SAN CRISTOBAL,2020,2020,,,8713
SO2,SAN CRISTOBAL,2020,2021,,,17319
SO2,SAN CRISTOBAL,2020,2022,,,26058
SO2,SAN CRISTOBAL,2020,2023,,,34793
SO2,SAN CRISTOBAL,2021,2021,,,8606
SO2,SAN CRISTOBAL,2021,2022,,,17345
SO2,SAN CRISTOBAL,2021,2023,,,26080
SO2,SAN CRISTOBAL,2022,2022,,,8739
SO2,SAN CRISTOBAL,2022,2023,,,17474
SO2,SAN CRISTOBAL,2023,2023,,,8735
SO2,SANTA FE,2020,2020,1.4759381818181818,1.309449711280576,8754
SO2,SANTA FE,2020,2021,1.4759381818181818,1.309449711280576,17477
SO2,SANTA FE,2020,2022,1.4759381818181818,1.309449711280576,26221
SO2,SANTA FE,2020,2023,1.4759381818181818,1.309449711280576,34958
SO2,SANTA FE,2021,2021,,,8723
SO2,SANTA FE,2021,2022,,,17467
SO2,SANTA FE,2021,2023,,,26204
SO2,SANTA FE,2022,2022,,,8744
SO2,SANTA FE,2022,2023,,,17481
SO2,SANTA FE,2023,2023,,,8737
SO2,SUBA,2020,2020,4.618697697261724,6.621042855362752,17328
SO2,SUBA,2020,2021,3.267416550633871,5.263361254025333,51185
SO2,SUBA,2020,2022,2.9021679038423254,4.659722269244409,76955
SO2,SUBA,2020,2023,3.051844530624634,4.549097453817206,102886
SO2,SUBA,2021,2021,2.248988625332152,3.6237340197956436,33857
SO2,SUBA,2021,2022,2.2268730676406676,3.3756728621963776,59627
SO2,SUBA,2021,2023,2.6973926351890256,3.844306426361179,85558
SO2,SUBA,2022,2022,2.202723280781507,3.0820690171876266,25770
SO2,SUBA,2022,2023,2.88970692144051,3.9194991624704523,51701
SO2,SUBA,2023,2023,3.3340437284954647,4.318905955700042,25931
SO2,TUNJELITO,2020,2020,4.85448699386503,3.780331004265561,8748
SO2,TUNJELITO,2020,2021,5.224118813196973,3.802348347597201,17475
SO2,TUNJELITO,2020,2022,5.2965249758285955,3.7314582294340526,26129
SO2,TUNJELITO,2020,2023,5.211554245880862,3.6097733892340353,34865
SO2,TUNJELITO,2021,2021,5.592513977849562,3.7886667836948487,8727
SO2,TUNJELITO,2021,2022,5.518314157277269,3.6868904213625746,17381
SO2,TUNJELITO,2021,2023,5.341655637283847,3.536722865034274,26117
SO2,TUNJELITO,2022,2022,5.4430902923976605,3.5794095611489514,8654
SO2,TUNJELITO,2022,2023,5.1970977263661755,3.3747003334260146,17390
SO2,TUNJELITO,2023,2023,4.873124152803451,3.0546284104482924,8736
SO2,USAQUEN,2020,2020,1.7000703810151616,1.1029921899136854,8754
SO2,USAQUEN,2020,2021,1.9485868222156921,1.4512655357213167,18977
SO2,USAQUEN,2020,2022,1.8493923286858498,1.3755855787978637,27718
SO2,USAQUEN,2020,2023,1.802145161989105,1.3330437279357537,36456
SO2,USAQUEN,2021,2021,2.1484804814422054,1.6529562522785601,10223
SO2,USAQUEN,2021,2022,1.9201272133399947,1.4821681389378523,18964
SO2,USAQUEN,2021,2023,1.8346679383348734,1.3968693466711397,27702
SO2,USAQUEN,2022,2022,1.5929665755089637,1.117240318774863,8741
SO2,USAQUEN,2022,2023,1.6288212298274904,1.154169429399662,17479
SO2,USAQUEN,2023,2023,1.659100333589941,1.1836852941548708,8738
SO2,USME,2020,2020,8.858346727871469,6.051120953871835,20070
SO2,USME,2020,2021,8.849344158041959,6.4417872881206675,28697
SO2,USME,2020,2022,8.557228697979246,6.463269430981929,37142
SO2,USME,2020,2023,8.48677006646069,6.750290557153167,45738
SO2,USME,2021,2021,8.828261018929656,7.2753965888893,8627
SO2,USME,2021,2022,8.19319156713717,6.9115697092204975,17072
SO2,USME,2021,2023,8.188251629454443,7.2497380472047395,25668
SO2,USME,2022,2022,7.515520199501247,6.432584263748837,8445
SO2,USME,2022,2023,7.8540518396485455,7.213993785933456,17041
SO2,USME,2023,2023,8.178466196678217,7.877287387301845,8596
Nowcast_PM25,ALL,2020,2020,17.825977981006826,11.977888932669146,154198
Nowcast_PM25,ALL,2020,2021,18.054821718176328,12.989551707911815,333080
Nowcast_PM25,ALL,2020,2022,17.914794824191418,12.355001425477148,497638
Nowcast_PM25,ALL,2020,2023,17.315012042576072,12.066443108873024,663781
Nowcast_PM25,ALL,2021,2021,18.25612378945083,13.815264297841278,178882
Nowcast_PM25,ALL,2021,2022,17.9550927753214,12.52216957999896,343440
Nowcast_PM25,ALL,2021,2023,17.159274565382976,12.089022737822965,509583
Nowcast_PM25,ALL,2022,2022,17.63442023663098,10.969384123521268,164558
Nowcast_PM25,ALL,2022,2023,16.5777241911377,11.020883747891945,330701
Nowcast_PM25,ALL,2023,2023,15.53059849197543,10.971775817416344,166143
Nowcast_PM25,BARRIOS UNIDOS,2020,2020,17.08786099465718,10.084606981870147,30580
Nowcast_PM25,BARRIOS UNIDOS,2020,2021,15.92181824944678,9.946381219545211,41762
Nowcast_PM25,BARRIOS UNIDOS,2020,2022,15.784066183771635,9.758339004898076,50508
Nowcast_PM25,BARRIOS UNIDOS,2020,2023,15.478195930736408,9.701016614071298,59228
Nowcast_PM25,BARRIOS UNIDOS,2021,2021,12.732980192879614,8.802197901395443,11182
Nowcast_PM25,BARRIOS UNIDOS,2021,2022,13.783361380636352,8.87036831672599,19928
Nowcast_PM25,BARRIOS UNIDOS,2021,2023,13.759976241588923,8.9606553315613,28648
Nowcast_PM25,BARRIOS UNIDOS,2022,2022,15.126302432716836,8.776007786554528,8746
Nowcast_PM25,BARRIOS UNIDOS,2022,2023,14.417474799740049,8.999569600703925,17466
Nowcast_PM25,BARRIOS UNIDOS,2023,2023,13.706533689875949,9.163942657215745,8720
Nowcast_PM25,BOSA,2020,2020,15.617573293344973,8.675637143452606,1784
Nowcast_PM25,BOSA,2020,2021,16.101095696650365,8.422975391965792,6837
Nowcast_PM25,BOSA,2020,2022,16.101095696650365,8.422975391965792,6837
Nowcast_PM25,BOSA,2020,2023,16.101095696650365,8.422975391965792,6837
Nowcast_PM25,BOSA,2021,2021,16.689502222910132,8.068820246479756,5053
Nowcast_PM25,BOSA,2021,2022,16.689502222910132,8.068820246479756,5053
Nowcast_PM25,BOSA,2021,2023,16.689502222910132,8.068820246479756,5053
Nowcast_PM25,BOSA,2022,2022,,,0
Nowcast_PM25,BOSA,2022,2023,,,0
Nowcast_PM25,BOSA,2023,2023,,,0
Nowcast_PM25,CHAPINERO,2020,2020,21.70088235994027,13.866331550713722,8701
Nowcast_PM25,CHAPINERO,2020,2021,19.28783002276758,12.69521527699434,18273
Nowcast_PM25,CHAPINERO,2020,2022,19.10058170735078,12.25257341866156,23955
Nowcast_PM25,CHAPINERO,2020,2023,18.375325027233984,11.953964029585471,27702
Nowcast_PM25,CHAPINERO,2021,2021,17.09435233934305,11.081702337949586,9572
Nowcast_PM25,CHAPINERO,2021,2022,17.617350031843955,10.956135585023503,15254
Nowcast_PM25,CHAPINERO,2021,2023,16.852314639746364,10.62580404994205,19001
Nowcast_PM25,CHAPINERO,2022,2022,18.49840140682083,10.68450922835419,5682
Nowcast_PM25,CHAPINERO,2022,2023,16.606554073231088,10.136623912985447,9429
Nowcast_PM25,CHAPINERO,2023,2023,13.736199854417489,8.473269389791806,3747
Nowcast_PM25,CIUDAD BOLIVAR,2020,2020,22.638549841034855,11.828025474697037,1827
Nowcast_PM25,CIUDAD BOLIVAR,2020,2021,18.31088568743574,11.87561032132623,10462
Nowcast_PM25,CIUDAD BOLIVAR,2020,2022,18.94385663377354,11.587587574158574,19108
Nowcast_PM25,CIUDAD BOLIVAR,2020,2023,17.07754723881615,11.697563696580612,31389
Nowcast_PM25,CIUDAD BOLIVAR,2021,2021,17.395235147930755,11.68261104864817,8635
Nowcast_PM25,CIUDAD BOLIVAR,2021,2022,18.553242404870907,11.493004616745205,17281
Nowcast_PM25,CIUDAD BOLIVAR,2021,2023,16.73386441105573,11.602526965685229,29562
Nowcast_PM25,CIUDAD BOLIVAR,2022,2022,19.709776370135565,11.182067102882511,8646
Nowcast_PM25,CIUDAD BOLIVAR,2022,2023,16.46096641741518,11.558576693919607,20927
Nowcast_PM25,CIUDAD BOLIVAR,2023,2023,14.173757651742964,11.268368428290257,12281
Nowcast_PM25,ENGATIVÁ,2020,2020,14.209865307972818,10.624140909699431,10461
Nowcast_PM25,ENGATIVÁ,2020,2021,22.543130861011345,17.19568139116629,32149
Nowcast_PM25,ENGATIVÁ,2020,2022,20.22419092359554,15.040662565936827,49350
Nowcast_PM25,ENGATIVÁ,2020,2023,18.95332870106363,13.95756555096108,65197
Nowcast_PM25,ENGATIVÁ,2021,2021,26.562602040942,18.281904018230506,21688
Nowcast_PM25,ENGATIVÁ,2021,2022,21.842022708034047,15.632270014429714,38889
Nowcast_PM25,ENGATIVÁ,2021,2023,19.85988691787017,14.330185483894493,54736
Nowcast_PM25,ENGATIVÁ,2022,2022,15.890047557048195,8.219090409640417,17201
Nowcast_PM25,ENGATIVÁ,2022,2023,15.461179413961256,8.482568989244816,33048
Nowcast_PM25,ENGATIVÁ,2023,2023,14.995667902051208,8.736056926595255,15847
Nowcast_PM25,FONTIBÓN,2020,2020,,,0
Nowcast_PM25,FONTIBÓN,2020,2021,19.20774778850961,10.440577371881115,5807
Nowcast_PM25,FONTIBÓN,2020,2022,22.081915808473408,13.016512057048654,31954
Nowcast_PM25,FONTIBÓN,2020,2023,21.358054951596035,12.741586811345202,58479
Nowcast_PM25,FONTIBÓN,2021,2021,19.20774778850961,10.440577371881115,5807
Nowcast_PM25,FONTIBÓN,2021,2022,22.081915808473408,13.016512057048654,31954
Nowcast_PM25,FONTIBÓN,2021,2023,21.358054951596035,12.741586811345202,58479
Nowcast_PM25,FONTIBÓN,2022,2022,22.720241187749412,13.439183355062006,26147
Nowcast_PM25,FONTIBÓN,2022,2023,21.59512272377182,12.948557579956846,52672
Nowcast_PM25,FONTIBÓN,2023,2023,20.486037993229978,12.346313156549957,26525
Nowcast_PM25,KENNEDY,2020,2020,25.3792698344546,13.886053143388956,17525
Nowcast_PM25,KENNEDY,2020,2021,26.1837197705582,14.086213625670938,38344
Nowcast_PM25,KENNEDY,2020,2022,26.22030202799668,13.574002746439861,50135
Nowcast_PM25,KENNEDY,2020,2023,26.038717033747623,13.587476217266504,62316
Nowcast_PM25,KENNEDY,2021,2021,26.860888949203453,14.217616570706848,20819
Nowcast_PM25,KENNEDY,2021,2022,26.672282683986406,13.381698249185742,32610
Nowcast_PM25,KENNEDY,2021,2023,26.297189304449223,13.459989359971459,44791
Nowcast_PM25,KENNEDY,2022,2022,26.33926649913748,11.754763811577748,11791
Nowcast_PM25,KENNEDY,2022,2023,25.80601352475902,12.743209869466169,23972
Nowcast_PM25,KENNEDY,2023,2023,25.286464208869376,13.617943408955815,12181
Nowcast_PM25,PUENTE ARANDA,2020,2020,19.5945105368048,12.406086813472475,10953
Nowcast_PM25,PUENTE ARANDA,2020,2021,18.336567126641594,11.828516269259044,28316
Nowcast_PM25,PUENTE ARANDA,2020,2022,17.669799991678513,11.181185784193138,45568
Nowcast_PM25,PUENTE ARANDA,2020,2023,16.647446964787747,11.051305156716072,62937
Nowcast_PM25,PUENTE ARANDA,2021,2021,17.543026023634184,11.378240408706102,17363
Nowcast_PM25,PUENTE ARANDA,2021,2022,17.0607763140599,10.69288629966323,34615
Nowcast_PM25,PUENTE ARANDA,2021,2023,16.026502302885955,10.640613041773403,51984
Nowcast_PM25,PUENTE ARANDA,2022,2022,16.575423792187753,9.93231706038468,17252
Nowcast_PM25,PUENTE ARANDA,2022,2023,15.265940754595857,10.166058871180256,34621
Nowcast_PM25,PUENTE ARANDA,2023,2023,13.965278576892167,10.228674136485976,17369
Nowcast_PM25,SAN CRISTOBAL,2020,2020,11.590896997559351,10.074797159224786,8713
Nowcast_PM25,SAN CRISTOBAL,2020,2021,11.732762933077984,9.689599172101502,17319
Nowcast_PM25,SAN CRISTOBAL,2020,2022,12.720514987034745,9.866680521437162,26058
Nowcast_PM25,SAN CRISTOBAL,2020,2023,12.402821686370686,9.691510558959687,34793
Nowcast_PM25,SAN CRISTOBAL,2021,2021,11.876392714181154,9.281721795043865,8606
Nowcast_PM25,SAN CRISTOBAL,2021,2022,13.287961602330165,9.71129756337903,17345
Nowcast_PM25,SAN CRISTOBAL,2021,2023,12.67407551357978,9.544854335481867,26080
Nowcast_PM25,SAN CRISTOBAL,2022,2022,14.678047636362708,9.922694239007562,8739
Nowcast_PM25,SAN CRISTOBAL,2022,2023,13.06693680301692,9.647868822081755,17474
Nowcast_PM25,SAN CRISTOBAL,2023,2023,11.455088197108639,9.083807643301062,8735
Nowcast_PM25,SANTA FE,2020,2020,12.682517743461146,10.285382791254385,8754
Nowcast_PM25,SANTA FE,2020,2021,12.294766851417203,9.557669900452925,17477
Nowcast_PM25,SANTA FE,2020,2022,13.280193211282501,9.689480566271387,26221
Nowcast_PM25,SANTA FE,2020,2023,13.225614591178918,9.554572968941267,34958
Nowcast_PM25,SANTA FE,2021,2021,11.905637961247226,8.750189587472896,8723
Nowcast_PM25,SANTA FE,2021,2022,13.579732402059863,9.362557338688491,17467
Nowcast_PM25,SANTA FE,2021,2023,13.407047571064483,9.2907740636346,26204
Nowcast_PM25,SANTA FE,2022,2022,15.249806259242916,9.65126312427524,8744
Nowcast_PM25,SANTA FE,2022,2023,14.156249334489686,9.460626406866345,17481
Nowcast_PM25,SANTA FE,2023,2023,13.061816262492178,9.136326797459429,8737
Nowcast_PM25,SUBA,2020,2020,14.064581951617557,10.445396479615768,17328
Nowcast_PM25,SUBA,2020,2021,12.594768111713488,8.954305708433473,51185
Nowcast_PM25,SUBA,2020,2022,13.05288893443561,8.674885371430326,76955
Nowcast_PM25,SUBA,2020,2023,13.002451905519084,8.540173611994666,102886
Nowcast_PM25,SUBA,2021,2021,11.842517935446905,7.981609845870335,33857
Nowcast_PM25,SUBA,2021,2022,12.758884262026655,8.064341480409789,59627
Nowcast_PM25,SUBA,2021,2023,12.787339473732521,8.083017019250866,85558
Nowcast_PM25,SUBA,2022,2022,13.962819641111269,8.01420221129613,25770
Nowcast_PM25,SUBA,2022,2023,13.406066825654849,8.089239900713011,51701
Nowcast_PM25,SUBA,2023,2023,12.852770768645406,8.125575591681729,25931
Nowcast_PM25,TUNJELITO,2020,2020,14.545656870796249,11.570985993159168,8748
Nowcast_PM25,TUNJELITO,2020,2021,14.13663587688771,10.979327671916693,17475
Nowcast_PM25,TUNJELITO,2020,2022,16.016517560903253,10.997884025825797,26129
Nowcast_PM25,TUNJELITO,2020,2023,16.58561689439225,10.977463074785504,34865
Nowcast_PM25,TUNJELITO,2021,2021,13.726630645455154,10.336799183088953,8727
Nowcast_PM25,TUNJELITO,2021,2022,16.75681382216878,10.621386701287205,17381
Nowcast_PM25,TUNJELITO,2021,2023,17.26891016262436,10.684853713992137,26117
Nowcast_PM25,TUNJELITO,2022,2022,19.812557822998432,10.012115895924296,8654
Nowcast_PM25,TUNJELITO,2022,2023,19.04656820439179,10.410892638960098,17390
Nowcast_PM25,TUNJELITO,2023,2023,18.287768506655762,10.738236284918747,8736
Nowcast_PM25,USAQUEN,2020,2020,13.292138408683835,10.793886637053044,8754
Nowcast_PM25,USAQUEN,2020,2021,11.051538821181264,9.359190530912086,18977
Nowcast_PM25,USAQUEN,2020,2022,11.891446238952136,9.12907583525338,27718
Nowcast_PM25,USAQUEN,2020,2023,11.495937418792385,8.758103737817075,36456
Nowcast_PM25,USAQUEN,2021,2021,9.132903509726944,7.407009816979531,10223
Nowcast_PM25,USAQUEN,2021,2022,11.244870661340276,8.167672047643137,18964
Nowcast_PM25,USAQUEN,2021,2023,10.92832701284661,7.923899238071253,27702
Nowcast_PM25,USAQUEN,2022,2022,13.71491301243776,8.3219811744405,8741
Nowcast_PM25,USAQUEN,2022,2023,11.978422239827122,8.027335023608455,17479
Nowcast_PM25,USAQUEN,2023,2023,10.241335281325224,7.320653558632382,8738
Nowcast_PM25,USME,2020,2020,22.958232095955413,9.538514845079893,20070
Nowcast_PM25,USME,2020,2021,28.17995647685688,11.274899649041144,28697
Nowcast_PM25,USME,2020,2022,24.932904491201132,12.554633582903822,37142
Nowcast_PM25,USME,2020,2023,22.601420890983306,12.992622879308282,45738
Nowcast_PM25,USME,2021,2021,40.327865173355356,0.437510992837729,8627
Nowcast_PM25,USME,2021,2022,27.254347495686932,15.033041837250803,17072
Nowcast_PM25,USME,2021,2023,22.32242755750231,15.148884648320724,25668
Nowcast_PM25,USME,2022,2022,13.8990796442665,10.182415810609063,8445
Nowcast_PM25,USME,2022,2023,13.207181368196277,9.917206323659881,17041
Nowcast_PM25,USME,2023,2023,12.52743719167079,9.60171803420718,8596
Nowcast_PM10,ALL,2020,2020,31.71345342080349,21.43005758572028,154198
Nowcast_PM10,ALL,2020,2021,31.353398689029895,21.21738609098126,333080
Nowcast_PM10,ALL,2020,2022,33.46969159799062,22.680689416460453,497638
Nowcast_PM10,ALL,2020,2023,33.033935636047715,22.490605354381213,663781
Nowcast_PM10,ALL,2021,2021,31.043028056266266,21.027448196230804,178882
Nowcast_PM10,ALL,2021,2022,34.25820899388482,23.177081540702183,343440
Nowcast_PM10,ALL,2021,2023,33.43351120146674,22.786750029572968,509583
Nowcast_PM10,ALL,2022,2022,37.75325631144511,24.83993957730471,164558
Nowcast_PM10,ALL,2022,2023,34.72657740077776,23.583255907066505,330701
Nowcast_PM10,ALL,2023,2023,31.72871879850497,21.859535567699677,166143
Nowcast_PM10,BARRIOS UNIDOS,2020,2020,25.8288460541901,13.826975560338763,30580
Nowcast_PM10,BARRIOS UNIDOS,2020,2021,24.63335958874722,13.928284348684317,41762
Nowcast_PM10,BARRIOS UNIDOS,2020,2022,24.70590397384981,13.880828049061371,50508
Nowcast_PM10,BARRIOS UNIDOS,2020,2023,24.4211134230259,14.0011763539871,59228
Nowcast_PM10,BARRIOS UNIDOS,2021,2021,21.3640002511293,13.678673872260305,11182
Nowcast_PM10,BARRIOS UNIDOS,2021,2022,22.982722078185116,13.786666646801054,19928
Nowcast_PM10,BARRIOS UNIDOS,2021,2023,22.91844434103061,14.029999321283066,28648
Nowcast_PM10,BARRIOS UNIDOS,2022,2022,25.052302168527913,13.647420422636202,8746
Nowcast_PM10,BARRIOS UNIDOS,2022,2023,23.91362319212854,14.161455372421809,17466
Nowcast_PM10,BARRIOS UNIDOS,2023,2023,22.771549071992194,14.570589982269555,8720
Nowcast_PM10,BOSA,2020,2020,37.60124558183617,18.5946329240487,1784
Nowcast_PM10,BOSA,2020,2021,32.78626685997282,17.71008493991975,6837
Nowcast_PM10,BOSA,2020,2022,32.78626685997282,17.71008493991975,6837
Nowcast_PM10,BOSA,2020,2023,32.78626685997282,17.71008493991975,6837
Nowcast_PM10,BOSA,2021,2021,31.086302078693535,17.0674575133945,5053
Nowcast_PM10,BOSA,2021,2022,31.086302078693535,17.0674575133945,5053
Nowcast_PM10,BOSA,2021,2023,31.086302078693535,17.0674575133945,5053
Nowcast_PM10,BOSA,2022,2022,,,0
Nowcast_PM10,BOSA,2022,2023,,,0
Nowcast_PM10,BOSA,2023,2023,,,0
Nowcast_PM10,CHAPINERO,2020,2020,39.782360270498366,22.56531054195228,8701
Nowcast_PM10,CHAPINERO,2020,2021,36.899445392402875,20.68029599045222,18273
Nowcast_PM10,CHAPINERO,2020,2022,36.143980467454455,19.825897509087874,23955
Nowcast_PM10,CHAPINERO,2020,2023,35.523452526807716,19.74796205072046,27702
Nowcast_PM10,CHAPINERO,2021,2021,34.27886010674586,18.417256994408152,9572
Nowcast_PM10,CHAPINERO,2021,2022,34.0686203870634,17.748144954828582,15254
Nowcast_PM10,CHAPINERO,2021,2023,33.57319957812857,17.980719181861367,19001
Nowcast_PM10,CHAPINERO,2022,2022,33.714446751582834,16.5554724283127,5682
Nowcast_PM10,CHAPINERO,2022,2023,32.8568370179499,17.498333354958973,9429
Nowcast_PM10,CHAPINERO,2023,2023,31.556346357020544,18.765913069863068,3747
Nowcast_PM10,CIUDAD BOLIVAR,2020,2020,43.84275436792038,21.658601748814085,1827
Nowcast_PM10,CIUDAD BOLIVAR,2020,2021,37.924696952090244,22.352547096909042,10462
Nowcast_PM10,CIUDAD BOLIVAR,2020,2022,40.83939111873389,23.51582942167248,19108
Nowcast_PM10,CIUDAD BOLIVAR,2020,2023,37.5868659278583,24.500669624582464,31389
Nowcast_PM10,CIUDAD BOLIVAR,2021,2021,36.67254977215721,22.297403631058998,8635
Nowcast_PM10,CIUDAD BOLIVAR,2021,2022,40.52186640047316,23.68200683942235,17281
Nowcast_PM10,CIUDAD BOLIVAR,2021,2023,37.200237547505374,24.613784575470927,29562
Nowcast_PM10,CIUDAD BOLIVAR,2022,2022,44.366285679389215,24.39063729176309,8646
Nowcast_PM10,CIUDAD BOLIVAR,2022,2023,37.4179746307056,25.50567620838194,20927
Nowcast_PM10,CIUDAD BOLIVAR,2023,2023,32.526264075627154,25.136373104962246,12281
Nowcast_PM10,ENGATIVÁ,2020,2020,28.904349169265174,23.10954178571839,10461
Nowcast_PM10,ENGATIVÁ,2020,2021,26.750653101765362,18.748304137501734,32149
Nowcast_PM10,ENGATIVÁ,2020,2022,28.409428938874623,18.355390964447206,49350
Nowcast_PM10,ENGATIVÁ,2020,2023,28.171441659369403,17.71764417444555,65197
Nowcast_PM10,ENGATIVÁ,2021,2021,25.71183833958741,16.12918689654894,21688
Nowcast_PM10,ENGATIVÁ,2021,2022,28.2762971913338,16.84700951167472,38889
Nowcast_PM10,ENGATIVÁ,2021,2023,28.031370308503075,16.484229092735667,54736
Nowcast_PM10,ENGATIVÁ,2022,2022,31.509712898366868,17.173711903236402,17201
Nowcast_PM10,ENGATIVÁ,2022,2023,29.553580709793415,16.537493497147697,33048
Nowcast_PM10,ENGATIVÁ,2023,2023,27.43031259749128,15.542310117994528,15847
Nowcast_PM10,FONTIBÓN,2020,2020,,,0
Nowcast_PM10,FONTIBÓN,2020,2021,46.831554385983296,23.90976514555639,5807
Nowcast_PM10,FONTIBÓN,2020,2022,60.09808729805977,29.397982898626054,31954
Nowcast_PM10,FONTIBÓN,2020,2023,54.12624081758701,28.84381129773516,58479
Nowcast_PM10,FONTIBÓN,2021,2021,46.831554385983296,23.90976514555639,5807
Nowcast_PM10,FONTIBÓN,2021,2022,60.09808729805977,29.397982898626054,31954
Nowcast_PM10,FONTIBÓN,2021,2023,54.12624081758701,28.84381129773516,58479
Nowcast_PM10,FONTIBÓN,2022,2022,63.04445807177867,29.689568790976285,26147
Nowcast_PM10,FONTIBÓN,2022,2023,54.9304678093155,29.226011384813802,52672
Nowcast_PM10,FONTIBÓN,2023,2023,46.93210764371231,26.42712929707646,26525
Nowcast_PM10,KENNEDY,2020,2020,52.43488611023382,27.555523337425985,17525
Nowcast_PM10,KENNEDY,2020,2021,53.962742196438114,27.023204048082697,38344
Nowcast_PM10,KENNEDY,2020,2022,54.82749293840612,27.060614762799748,50135
Nowcast_PM10,KENNEDY,2020,2023,53.98751604696056,26.725660277499784,62316
Nowcast_PM10,KENNEDY,2021,2021,55.24885958491644,26.499303988300493,20819
Nowcast_PM10,KENNEDY,2021,2022,56.11330816881765,26.702875418578035,32610
Nowcast_PM10,KENNEDY,2021,2023,54.595000578253355,26.36930903781421,44791
Nowcast_PM10,KENNEDY,2022,2022,57.63963800243982,26.99218938115686,11791
Nowcast_PM10,KENNEDY,2022,2023,54.02714263316247,26.243227896356988,23972
Nowcast_PM10,KENNEDY,2023,2023,50.53030880185558,25.00613444582594,12181
Nowcast_PM10,PUENTE ARANDA,2020,2020,33.44890660101091,19.496570710640313,10953
Nowcast_PM10,PUENTE ARANDA,2020,2021,32.82848873271989,18.548390506909787,28316
Nowcast_PM10,PUENTE ARANDA,2020,2022,32.317365165732305,18.57794142871573,45568
Nowcast_PM10,PUENTE ARANDA,2020,2023,31.021221977344467,18.51857801674249,62937
Nowcast_PM10,PUENTE ARANDA,2021,2021,32.43711414817854,17.91399838864441,17363
Nowcast_PM10,PUENTE ARANDA,2021,2022,31.95931884648902,18.263347704994217,34615
Nowcast_PM10,PUENTE ARANDA,2021,2023,30.50971017211558,18.26493727052158,51984
Nowcast_PM10,PUENTE ARANDA,2022,2022,31.47844939232515,18.596452290358492,17252
Nowcast_PM10,PUENTE ARANDA,2022,2023,29.543085428856255,18.36266367879247,34621
Nowcast_PM10,PUENTE ARANDA,2023,2023,27.620758346251304,17.922283562245756,17369
Nowcast_PM10,SAN CRISTOBAL,2020,2020,23.777012987439466,18.143446286154095,8713
Nowcast_PM10,SAN CRISTOBAL,2020,2021,22.118813648319932,16.49605876552011,17319
Nowcast_PM10,SAN CRISTOBAL,2020,2022,23.26061081140028,16.172072325219947,26058
Nowcast_PM10,SAN CRISTOBAL,2020,2023,22.652368209458164,15.81851221660432,34793
Nowcast_PM10,SAN CRISTOBAL,2021,2021,20.439997608144648,14.449028534416113,8606
Nowcast_PM10,SAN CRISTOBAL,2021,2022,23.001203941418762,15.078771981836564,17345
Nowcast_PM10,SAN CRISTOBAL,2021,2023,22.2766385334401,14.943020749173716,26080
Nowcast_PM10,SAN CRISTOBAL,2022,2022,25.52343093582968,15.260545625937198,8739
Nowcast_PM10,SAN CRISTOBAL,2022,2023,23.181189970036915,15.098920723127021,17474
Nowcast_PM10,SAN CRISTOBAL,2023,2023,20.83787642681276,14.564114658791901,8735
Nowcast_PM10,SANTA FE,2020,2020,19.34480885797736,14.592573219320741,8754
Nowcast_PM10,SANTA FE,2020,2021,18.770449042006103,13.736595037098382,17477
Nowcast_PM10,SANTA FE,2020,2022,20.296370935915238,13.825671652332817,26221
Nowcast_PM10,SANTA FE,2020,2023,19.94845594259829,13.816460384560632,34958
Nowcast_PM10,SANTA FE,2021,2021,18.194048052780797,12.795193032547136,8723
Nowcast_PM10,SANTA FE,2021,2022,20.773268767842197,13.39988500335058,17467
Nowcast_PM10,SANTA FE,2021,2023,20.150117008800844,13.54157345382386,26204
Nowcast_PM10,SANTA FE,2022,2022,23.346295105614455,13.495220587746942,8744
Nowcast_PM10,SANTA FE,2022,2023,21.12619329181457,13.796047346294602,17481
Nowcast_PM10,SANTA FE,2023,2023,18.9043127538878,13.736758991907354,8737
Nowcast_PM10,SUBA,2020,2020,29.654225837756258,18.761784973181072,17328
Nowcast_PM10,SUBA,2020,2021,27.00884815397053,15.417472261961956,51185
Nowcast_PM10,SUBA,2020,2022,27.034599137591893,15.034704981128453,76955
Nowcast_PM10,SUBA,2020,2023,26.822223981813526,14.84059813905142,102886
Nowcast_PM10,SUBA,2021,2021,25.654944839895474,13.182962050517242,33857
Nowcast_PM10,SUBA,2021,2022,26.273318317486094,13.669979034481916,59627
Nowcast_PM10,SUBA,2021,2023,26.248640577456385,13.842229032931405,85558
Nowcast_PM10,SUBA,2022,2022,27.085746366798706,14.244125918888326,25770
Nowcast_PM10,SUBA,2022,2023,26.63745168400982,14.244195344282748,51701
Nowcast_PM10,SUBA,2023,2023,26.191888818556656,14.230551900095158,25931
Nowcast_PM10,TUNJELITO,2020,2020,36.39717638603009,22.351772546684636,8748
Nowcast_PM10,TUNJELITO,2020,2021,35.43738991948748,22.18296615124034,17475
Nowcast_PM10,TUNJELITO,2020,2022,37.3412121844099,22.314254628410843,26129
Nowcast_PM10,TUNJELITO,2020,2023,36.51777806403227,22.143192031988068,34865
Nowcast_PM10,TUNJELITO,2021,2021,34.475293894586066,21.971692965648693,8727
Nowcast_PM10,TUNJELITO,2021,2022,37.81635315237644,22.280863472000036,17381
Nowcast_PM10,TUNJELITO,2021,2023,36.558174107956276,22.073169753977478,26117
Nowcast_PM10,TUNJELITO,2022,2022,41.185595600115825,22.083478233610332,8654
Nowcast_PM10,TUNJELITO,2022,2023,37.603447001693,22.050527035817666,17390
Nowcast_PM10,TUNJELITO,2023,2023,34.05492205082864,21.43675629590191,8736
Nowcast_PM10,USAQUEN,2020,2020,13.195138671721912,14.853660883110136,8754
Nowcast_PM10,USAQUEN,2020,2021,14.797208956539043,13.731448539858512,18977
Nowcast_PM10,USAQUEN,2020,2022,17.3177942201798,13.961151041550984,27718
Nowcast_PM10,USAQUEN,2020,2023,17.956855751748765,13.749183379012049,36456
Nowcast_PM10,USAQUEN,2021,2021,16.16906880915463,12.530855778469297,10223
Nowcast_PM10,USAQUEN,2021,2022,19.22085932623339,13.099057568352968,18964
Nowcast_PM10,USAQUEN,2021,2023,19.461587226680358,13.024399218552778,27702
Nowcast_PM10,USAQUEN,2022,2022,22.790068164592412,12.84534322826258,8741
Nowcast_PM10,USAQUEN,2022,2023,21.387293261485873,12.921757974178503,17479
Nowcast_PM10,USAQUEN,2023,2023,19.984036746487675,12.846111087039914,8738
Nowcast_PM10,USME,2020,2020,34.63113793042098,14.038399666835105,20070
Nowcast_PM10,USME,2020,2021,34.670313148705354,14.789064853923026,28697
Nowcast_PM10,USME,2020,2022,35.52141033303969,16.114435841646177,37142
Nowcast_PM10,USME,2020,2023,35.00919537816266,16.29200225952337,45738
Nowcast_PM10,USME,2021,2021,34.76145104495752,16.403547909525,8627
Nowcast_PM10,USME,2021,2022,36.56802274638069,18.20040765363028,17072
Nowcast_PM10,USME,2021,2023,35.30480130679659,17.851762212982095,25668
Nowcast_PM10,USME,2022,2022,38.413528260670546,19.69954253629296,8445
Nowcast_PM10,USME,2022,2023,35.57987217757211,18.536237350061942,17041
Nowcast_PM10,USME,2023,2023,32.795992975412254,16.860998458249156,8596
